Date|BTC Price
01-01-2011| 0.30
02-01-2011| 0.30
03-01-2011| 0.30
04-01-2011| 0.30
05-01-2011| 0.30
06-01-2011| 0.30
07-01-2011| 0.32
08-01-2011| 0.32
09-01-2011| 0.32
10-01-2011| 0.32
11-01-2011| 0.33
12-01-2011| 0.33
13-01-2011| 0.41
14-01-2011| 0.41
15-01-2011| 0.40
16-01-2011| 0.40
17-01-2011| 0.40
18-01-2011| 0.40
19-01-2011| 0.34
20-01-2011| 0.34
21-01-2011| 0.44
22-01-2011| 0.44
23-01-2011| 0.44
24-01-2011| 0.44
25-01-2011| 0.43
26-01-2011| 0.43
27-01-2011| 0.42
28-01-2011| 0.42
29-01-2011| 0.45
30-01-2011| 0.45
31-01-2011| 0.50
01-02-2011| 0.50
02-02-2011| 0.84
03-02-2011| 0.84
04-02-2011| 0.88
05-02-2011| 0.88
06-02-2011| 0.92
07-02-2011| 0.92
08-02-2011| 0.90
09-02-2011| 0.90
10-02-2011| 1.10
11-02-2011| 1.10
12-02-2011| 1.09
13-02-2011| 1.09
14-02-2011| 1.08
15-02-2011| 1.08
16-02-2011| 1.05
17-02-2011| 1.05
18-02-2011| 1.05
19-02-2011| 1.05
20-02-2011| 0.95
21-02-2011| 0.95
22-02-2011| 0.87
23-02-2011| 0.87
24-02-2011| 0.95
25-02-2011| 0.95
26-02-2011| 0.99
27-02-2011| 0.99
28-02-2011| 0.95
01-03-2011| 0.95
02-03-2011| 0.95
03-03-2011| 0.95
04-03-2011| 0.94
05-03-2011| 0.94
06-03-2011| 0.91
07-03-2011| 0.91
08-03-2011| 0.91
09-03-2011| 0.91
10-03-2011| 0.87
11-03-2011| 0.87
12-03-2011| 0.92
13-03-2011| 0.92
14-03-2011| 0.90
15-03-2011| 0.90
16-03-2011| 0.89
17-03-2011| 0.89
18-03-2011| 0.85
19-03-2011| 0.85
20-03-2011| 0.79
21-03-2011| 0.79
22-03-2011| 0.80
23-03-2011| 0.80
24-03-2011| 0.90
25-03-2011| 0.90
26-03-2011| 0.91
27-03-2011| 0.91
28-03-2011| 0.86
29-03-2011| 0.86
30-03-2011| 0.80
31-03-2011| 0.80
01-04-2011| 0.80
02-04-2011| 0.80
03-04-2011| 0.80
04-04-2011| 0.80
05-04-2011| 0.71
06-04-2011| 0.71
07-04-2011| 0.77
08-04-2011| 0.77
09-04-2011| 0.77
10-04-2011| 0.77
11-04-2011| 0.78
12-04-2011| 0.78
13-04-2011| 1.00
14-04-2011| 1.00
15-04-2011| 1.09
16-04-2011| 1.09
17-04-2011| 1.09
18-04-2011| 1.09
19-04-2011| 1.19
20-04-2011| 1.19
21-04-2011| 1.20
22-04-2011| 1.20
23-04-2011| 1.55
24-04-2011| 1.55
25-04-2011| 1.70
26-04-2011| 1.70
27-04-2011| 1.95
28-04-2011| 1.95
29-04-2011| 2.70
30-04-2011| 2.70
01-05-2011| 4.09
02-05-2011| 4.09
03-05-2011| 3.49
04-05-2011| 3.49
05-05-2011| 3.50
06-05-2011| 3.50
07-05-2011| 3.70
08-05-2011| 3.70
09-05-2011| 3.94
10-05-2011| 3.94
11-05-2011| 6.07
12-05-2011| 6.07
13-05-2011| 8.45
14-05-2011| 8.45
15-05-2011| 8.55
16-05-2011| 8.55
17-05-2011| 8.39
18-05-2011| 8.39
19-05-2011| 7.34
20-05-2011| 7.34
21-05-2011| 6.60
22-05-2011| 6.60
23-05-2011| 7.45
24-05-2011| 7.45
25-05-2011| 7.51
26-05-2011| 7.51
27-05-2011| 8.92
28-05-2011| 8.92
29-05-2011| 8.50
30-05-2011| 8.50
31-05-2011| 9.50
01-06-2011| 9.50
02-06-2011| 10.57
03-06-2011| 10.57
04-06-2011| 17.41
05-06-2011| 17.41
06-06-2011| 19.23
07-06-2011| 19.23
08-06-2011| 31.91
09-06-2011| 31.91
10-06-2011| 35.00
11-06-2011| 35.00
12-06-2011| 24.99
13-06-2011| 24.99
14-06-2011| 20.99
15-06-2011| 20.99
16-06-2011| 19.96
17-06-2011| 19.96
18-06-2011| 17.20
19-06-2011| 17.20
20-06-2011| 17.35
21-06-2011| 17.35
22-06-2011| 15.05
23-06-2011| 15.05
24-06-2011| 16.75
25-06-2011| 16.75
26-06-2011| 17.51
27-06-2011| 17.51
28-06-2011| 17.52
29-06-2011| 17.52
30-06-2011| 17.50
01-07-2011| 17.50
02-07-2011| 16.49
03-07-2011| 16.49
04-07-2011| 15.85
05-07-2011| 15.85
06-07-2011| 16.50
07-07-2011| 16.50
08-07-2011| 15.64
09-07-2011| 15.64
10-07-2011| 15.68
11-07-2011| 15.68
12-07-2011| 14.64
13-07-2011| 14.64
14-07-2011| 14.10
15-07-2011| 14.10
16-07-2011| 14.10
17-07-2011| 14.10
18-07-2011| 13.69
19-07-2011| 13.69
20-07-2011| 14.04
21-07-2011| 14.04
22-07-2011| 13.94
23-07-2011| 13.94
24-07-2011| 13.98
25-07-2011| 13.98
26-07-2011| 14.40
27-07-2011| 14.40
28-07-2011| 14.00
29-07-2011| 14.00
30-07-2011| 13.80
31-07-2011| 13.80
01-08-2011| 13.55
02-08-2011| 13.55
03-08-2011| 13.10
04-08-2011| 13.10
05-08-2011| 11.55
06-08-2011| 11.55
07-08-2011| 9.80
08-08-2011| 9.80
09-08-2011| 12.10
10-08-2011| 12.10
11-08-2011| 10.50
12-08-2011| 10.50
13-08-2011| 10.05
14-08-2011| 10.05
15-08-2011| 11.89
16-08-2011| 11.89
17-08-2011| 11.30
18-08-2011| 11.30
19-08-2011| 11.81
20-08-2011| 11.81
21-08-2011| 11.59
22-08-2011| 11.59
23-08-2011| 11.49
24-08-2011| 11.49
25-08-2011| 10.97
26-08-2011| 10.97
27-08-2011| 9.11
28-08-2011| 9.11
29-08-2011| 9.48
30-08-2011| 9.48
31-08-2011| 9.00
01-09-2011| 9.00
02-09-2011| 8.50
03-09-2011| 8.50
04-09-2011| 8.59
05-09-2011| 8.59
06-09-2011| 7.66
07-09-2011| 7.66
08-09-2011| 7.32
09-09-2011| 7.32
10-09-2011| 6.21
11-09-2011| 6.21
12-09-2011| 7.08
13-09-2011| 7.08
14-09-2011| 5.99
15-09-2011| 5.99
16-09-2011| 5.23
17-09-2011| 5.23
18-09-2011| 5.00
19-09-2011| 5.00
20-09-2011| 6.80
21-09-2011| 6.80
22-09-2011| 5.83
23-09-2011| 5.83
24-09-2011| 5.66
25-09-2011| 5.66
26-09-2011| 5.46
27-09-2011| 5.46
28-09-2011| 4.99
29-09-2011| 4.99
30-09-2011| 5.35
01-10-2011| 5.35
02-10-2011| 5.16
03-10-2011| 5.16
04-10-2011| 5.03
05-10-2011| 5.03
06-10-2011| 4.93
07-10-2011| 4.93
08-10-2011| 4.59
09-10-2011| 4.59
10-10-2011| 4.26
11-10-2011| 4.26
12-10-2011| 4.21
13-10-2011| 4.21
14-10-2011| 4.11
15-10-2011| 4.11
16-10-2011| 3.90
17-10-2011| 3.90
18-10-2011| 2.90
19-10-2011| 2.90
20-10-2011| 2.42
21-10-2011| 2.42
22-10-2011| 3.30
23-10-2011| 3.30
24-10-2011| 3.20
25-10-2011| 3.20
26-10-2011| 2.88
27-10-2011| 2.88
28-10-2011| 3.26
29-10-2011| 3.26
30-10-2011| 3.65
31-10-2011| 3.65
01-11-2011| 3.35
02-11-2011| 3.35
03-11-2011| 3.30
04-11-2011| 3.30
05-11-2011| 3.21
06-11-2011| 3.21
07-11-2011| 3.03
08-11-2011| 3.03
09-11-2011| 3.11
10-11-2011| 3.11
11-11-2011| 3.00
12-11-2011| 3.00
13-11-2011| 3.10
14-11-2011| 3.10
15-11-2011| 2.69
16-11-2011| 2.69
17-11-2011| 2.60
18-11-2011| 2.60
19-11-2011| 2.30
20-11-2011| 2.30
21-11-2011| 2.29
22-11-2011| 2.29
23-11-2011| 2.38
24-11-2011| 2.38
25-11-2011| 2.56
26-11-2011| 2.56
27-11-2011| 2.50
28-11-2011| 2.50
29-11-2011| 2.98
30-11-2011| 2.98
01-12-2011| 3.14
02-12-2011| 3.14
03-12-2011| 3.13
04-12-2011| 3.13
05-12-2011| 2.93
06-12-2011| 2.93
07-12-2011| 3.08
08-12-2011| 3.08
09-12-2011| 3.04
10-12-2011| 3.04
11-12-2011| 3.38
12-12-2011| 3.38
13-12-2011| 3.30
14-12-2011| 3.30
15-12-2011| 3.19
16-12-2011| 3.19
17-12-2011| 3.23
18-12-2011| 3.23
19-12-2011| 3.70
20-12-2011| 3.70
21-12-2011| 4.11
22-12-2011| 4.11
23-12-2011| 3.95
24-12-2011| 3.95
25-12-2011| 4.39
26-12-2011| 4.39
27-12-2011| 4.06
28-12-2011| 4.06
29-12-2011| 4.33
30-12-2011| 4.33
31-12-2011| 5.00
01-01-2012| 5.00
02-01-2012| 5.50
03-01-2012| 5.50
04-01-2012| 5.61
05-01-2012| 5.61
06-01-2012| 7.22
07-01-2012| 7.22
08-01-2012| 7.20
09-01-2012| 7.20
10-01-2012| 6.89
11-01-2012| 6.89
12-01-2012| 7.00
13-01-2012| 7.00
14-01-2012| 6.75
15-01-2012| 6.75
16-01-2012| 7.19
17-01-2012| 7.19
18-01-2012| 6.95
19-01-2012| 6.95
20-01-2012| 6.58
21-01-2012| 6.58
22-01-2012| 6.39
23-01-2012| 6.39
24-01-2012| 6.52
25-01-2012| 6.52
26-01-2012| 6.20
27-01-2012| 6.20
28-01-2012| 5.75
29-01-2012| 5.75
30-01-2012| 5.60
31-01-2012| 5.60
01-02-2012| 5.64
02-02-2012| 5.64
03-02-2012| 6.15
04-02-2012| 6.15
05-02-2012| 5.96
06-02-2012| 5.96
07-02-2012| 5.71
08-02-2012| 5.71
09-02-2012| 5.80
10-02-2012| 5.80
11-02-2012| 6.00
12-02-2012| 6.00
13-02-2012| 5.72
14-02-2012| 5.72
15-02-2012| 4.88
16-02-2012| 4.88
17-02-2012| 4.77
18-02-2012| 4.77
19-02-2012| 4.33
20-02-2012| 4.33
21-02-2012| 4.44
22-02-2012| 4.44
23-02-2012| 4.92
24-02-2012| 4.92
25-02-2012| 5.07
26-02-2012| 5.07
27-02-2012| 5.10
28-02-2012| 5.10
29-02-2012| 4.90
01-03-2012| 4.90
02-03-2012| 4.99
03-03-2012| 4.99
04-03-2012| 4.90
05-03-2012| 4.90
06-03-2012| 5.05
07-03-2012| 5.05
08-03-2012| 5.00
09-03-2012| 5.00
10-03-2012| 4.94
11-03-2012| 4.94
12-03-2012| 4.96
13-03-2012| 4.96
14-03-2012| 5.44
15-03-2012| 5.44
16-03-2012| 5.40
17-03-2012| 5.40
18-03-2012| 5.38
19-03-2012| 5.38
20-03-2012| 4.98
21-03-2012| 4.98
22-03-2012| 4.88
23-03-2012| 4.88
24-03-2012| 4.75
25-03-2012| 4.75
26-03-2012| 4.74
27-03-2012| 4.74
28-03-2012| 4.85
29-03-2012| 4.85
30-03-2012| 4.83
31-03-2012| 4.83
01-04-2012| 4.93
02-04-2012| 4.93
03-04-2012| 5.01
04-04-2012| 5.01
05-04-2012| 4.94
06-04-2012| 4.94
07-04-2012| 4.98
08-04-2012| 4.98
09-04-2012| 4.80
10-04-2012| 4.80
11-04-2012| 4.89
12-04-2012| 4.89
13-04-2012| 4.94
14-04-2012| 4.94
15-04-2012| 4.98
16-04-2012| 4.98
17-04-2012| 5.02
18-04-2012| 5.02
19-04-2012| 5.19
20-04-2012| 5.19
21-04-2012| 5.48
22-04-2012| 5.48
23-04-2012| 5.22
24-04-2012| 5.22
25-04-2012| 5.16
26-04-2012| 5.16
27-04-2012| 5.14
28-04-2012| 5.14
29-04-2012| 5.02
30-04-2012| 5.02
01-05-2012| 5.00
02-05-2012| 5.00
03-05-2012| 5.18
04-05-2012| 5.18
05-05-2012| 5.15
06-05-2012| 5.15
07-05-2012| 5.09
08-05-2012| 5.09
09-05-2012| 5.10
10-05-2012| 5.10
11-05-2012| 5.03
12-05-2012| 5.03
13-05-2012| 5.00
14-05-2012| 5.00
15-05-2012| 5.09
16-05-2012| 5.09
17-05-2012| 5.13
18-05-2012| 5.13
19-05-2012| 5.14
20-05-2012| 5.14
21-05-2012| 5.15
22-05-2012| 5.15
23-05-2012| 5.16
24-05-2012| 5.16
25-05-2012| 5.15
26-05-2012| 5.15
27-05-2012| 5.15
28-05-2012| 5.15
29-05-2012| 5.16
30-05-2012| 5.16
31-05-2012| 5.19
01-06-2012| 5.19
02-06-2012| 5.28
03-06-2012| 5.28
04-06-2012| 5.28
05-06-2012| 5.28
06-06-2012| 5.47
07-06-2012| 5.47
08-06-2012| 5.66
09-06-2012| 5.66
10-06-2012| 5.62
11-06-2012| 5.62
12-06-2012| 5.70
13-06-2012| 5.70
14-06-2012| 5.95
15-06-2012| 5.95
16-06-2012| 6.60
17-06-2012| 6.60
18-06-2012| 6.47
19-06-2012| 6.47
20-06-2012| 6.65
21-06-2012| 6.65
22-06-2012| 6.80
23-06-2012| 6.80
24-06-2012| 6.59
25-06-2012| 6.59
26-06-2012| 6.45
27-06-2012| 6.45
28-06-2012| 6.67
29-06-2012| 6.67
30-06-2012| 6.69
01-07-2012| 6.69
02-07-2012| 6.75
03-07-2012| 6.75
04-07-2012| 6.55
05-07-2012| 6.55
06-07-2012| 6.73
07-07-2012| 6.73
08-07-2012| 6.87
09-07-2012| 6.87
10-07-2012| 7.24
11-07-2012| 7.24
12-07-2012| 7.32
13-07-2012| 7.32
14-07-2012| 7.69
15-07-2012| 7.69
16-07-2012| 8.29
17-07-2012| 8.29
18-07-2012| 9.40
19-07-2012| 9.40
20-07-2012| 9.23
21-07-2012| 9.23
22-07-2012| 9.00
23-07-2012| 9.00
24-07-2012| 8.96
25-07-2012| 8.96
26-07-2012| 8.90
27-07-2012| 8.90
28-07-2012| 8.93
29-07-2012| 8.93
30-07-2012| 9.15
31-07-2012| 9.15
01-08-2012| 9.54
02-08-2012| 9.54
03-08-2012| 11.12
04-08-2012| 11.12
05-08-2012| 11.19
06-08-2012| 11.19
07-08-2012| 11.04
08-08-2012| 11.04
09-08-2012| 12.00
10-08-2012| 12.00
11-08-2012| 11.60
12-08-2012| 11.60
13-08-2012| 11.87
14-08-2012| 11.87
15-08-2012| 12.67
16-08-2012| 12.67
17-08-2012| 15.40
18-08-2012| 15.40
19-08-2012| 12.00
20-08-2012| 12.00
21-08-2012| 10.30
22-08-2012| 10.30
23-08-2012| 10.25
24-08-2012| 10.25
25-08-2012| 10.25
26-08-2012| 10.25
27-08-2012| 12.15
28-08-2012| 12.15
29-08-2012| 11.21
30-08-2012| 11.21
31-08-2012| 10.84
01-09-2012| 10.84
02-09-2012| 10.19
03-09-2012| 10.19
04-09-2012| 10.59
05-09-2012| 10.59
06-09-2012| 11.17
07-09-2012| 11.17
08-09-2012| 11.21
09-09-2012| 11.21
10-09-2012| 11.13
11-09-2012| 11.13
12-09-2012| 11.38
13-09-2012| 11.38
14-09-2012| 11.75
15-09-2012| 11.75
16-09-2012| 11.99
17-09-2012| 11.99
18-09-2012| 12.09
19-09-2012| 12.09
20-09-2012| 12.69
21-09-2012| 12.69
22-09-2012| 12.44
23-09-2012| 12.44
24-09-2012| 12.30
25-09-2012| 12.30
26-09-2012| 12.28
27-09-2012| 12.28
28-09-2012| 12.44
29-09-2012| 12.44
30-09-2012| 12.47
01-10-2012| 12.47
02-10-2012| 12.88
03-10-2012| 12.88
04-10-2012| 13.09
05-10-2012| 13.09
06-10-2012| 12.90
07-10-2012| 12.90
08-10-2012| 12.08
09-10-2012| 12.08
10-10-2012| 12.15
11-10-2012| 12.15
12-10-2012| 12.15
13-10-2012| 12.15
14-10-2012| 12.00
15-10-2012| 12.00
16-10-2012| 11.99
17-10-2012| 11.99
18-10-2012| 11.96
19-10-2012| 11.96
20-10-2012| 11.85
21-10-2012| 11.85
22-10-2012| 11.81
23-10-2012| 11.81
24-10-2012| 11.82
25-10-2012| 11.82
26-10-2012| 11.10
27-10-2012| 11.10
28-10-2012| 10.61
29-10-2012| 10.61
30-10-2012| 10.85
31-10-2012| 10.85
01-11-2012| 11.28
02-11-2012| 11.28
03-11-2012| 10.60
04-11-2012| 10.60
05-11-2012| 10.90
06-11-2012| 10.90
07-11-2012| 11.22
08-11-2012| 11.22
09-11-2012| 11.07
10-11-2012| 11.07
11-11-2012| 10.94
12-11-2012| 10.94
13-11-2012| 11.13
14-11-2012| 11.13
15-11-2012| 11.11
16-11-2012| 11.11
17-11-2012| 11.80
18-11-2012| 11.80
19-11-2012| 11.80
20-11-2012| 11.80
21-11-2012| 11.78
22-11-2012| 11.78
23-11-2012| 12.43
24-11-2012| 12.43
25-11-2012| 12.60
26-11-2012| 12.60
27-11-2012| 12.53
28-11-2012| 12.53
29-11-2012| 12.60
30-11-2012| 12.60
01-12-2012| 12.69
02-12-2012| 12.69
03-12-2012| 12.68
04-12-2012| 12.68
05-12-2012| 13.50
06-12-2012| 13.50
07-12-2012| 13.68
08-12-2012| 13.68
09-12-2012| 13.53
10-12-2012| 13.53
11-12-2012| 13.64
12-12-2012| 13.64
13-12-2012| 13.80
14-12-2012| 13.80
15-12-2012| 13.77
16-12-2012| 13.77
17-12-2012| 13.50
18-12-2012| 13.50
19-12-2012| 13.40
20-12-2012| 13.40
21-12-2012| 13.65
22-12-2012| 13.65
23-12-2012| 13.49
24-12-2012| 13.49
25-12-2012| 13.45
26-12-2012| 13.45
27-12-2012| 13.47
28-12-2012| 13.47
29-12-2012| 13.67
30-12-2012| 13.67
31-12-2012| 13.59
01-01-2013| 13.59
02-01-2013| 13.40
03-01-2013| 13.40
04-01-2013| 13.49
05-01-2013| 13.49
06-01-2013| 13.53
07-01-2013| 13.53
08-01-2013| 13.83
09-01-2013| 13.83
10-01-2013| 14.32
11-01-2013| 14.32
12-01-2013| 14.35
13-01-2013| 14.35
14-01-2013| 14.30
15-01-2013| 14.30
16-01-2013| 14.69
17-01-2013| 14.69
18-01-2013| 15.99
19-01-2013| 15.99
20-01-2013| 15.89
21-01-2013| 15.89
22-01-2013| 17.59
23-01-2013| 17.59
24-01-2013| 19.19
25-01-2013| 19.19
26-01-2013| 17.62
27-01-2013| 17.62
28-01-2013| 18.45
29-01-2013| 18.45
30-01-2013| 19.70
31-01-2013| 19.70
01-02-2013| 21.30
02-02-2013| 21.30
03-02-2013| 20.68
04-02-2013| 20.68
05-02-2013| 20.79
06-02-2013| 20.79
07-02-2013| 22.15
08-02-2013| 22.15
09-02-2013| 23.70
10-02-2013| 23.70
11-02-2013| 24.20
12-02-2013| 24.20
13-02-2013| 26.10
14-02-2013| 26.10
15-02-2013| 27.00
16-02-2013| 27.00
17-02-2013| 25.61
18-02-2013| 25.61
19-02-2013| 28.79
20-02-2013| 28.79
21-02-2013| 29.80
22-02-2013| 29.80
23-02-2013| 29.28
24-02-2013| 29.28
25-02-2013| 30.25
26-02-2013| 30.25
27-02-2013| 31.40
28-02-2013| 31.40
01-03-2013| 34.88
02-03-2013| 34.88
03-03-2013| 34.10
04-03-2013| 34.10
05-03-2013| 40.04
06-03-2013| 40.04
07-03-2013| 42.49
08-03-2013| 42.49
09-03-2013| 46.01
10-03-2013| 46.01
11-03-2013| 47.74
12-03-2013| 47.74
13-03-2013| 46.80
14-03-2013| 46.80
15-03-2013| 47.25
16-03-2013| 47.25
17-03-2013| 47.44
18-03-2013| 47.44
19-03-2013| 57.76
20-03-2013| 57.76
21-03-2013| 73.80
22-03-2013| 73.80
23-03-2013| 63.00
24-03-2013| 63.00
25-03-2013| 73.89
26-03-2013| 73.89
27-03-2013| 88.90
28-03-2013| 88.90
29-03-2013| 89.05
30-03-2013| 89.05
31-03-2013| 92.50
01-04-2013| 92.50
02-04-2013| 108.73
03-04-2013| 108.73
04-04-2013| 132.00
05-04-2013| 132.00
06-04-2013| 142.50
07-04-2013| 142.50
08-04-2013| 184.00
09-04-2013| 184.00
10-04-2013| 198.00
11-04-2013| 198.00
12-04-2013| 76.49
13-04-2013| 76.49
14-04-2013| 91.00
15-04-2013| 91.00
16-04-2013| 91.00
17-04-2013| 91.00
18-04-2013| 96.50
19-04-2013| 96.50
20-04-2013| 123.86
21-04-2013| 123.86
22-04-2013| 123.52
23-04-2013| 123.52
24-04-2013| 153.20
25-04-2013| 153.20
26-04-2013| 135.60
27-04-2013| 135.60
28-04-2013| 135.99
29-04-2013| 135.99
30-04-2013| 139.11
01-05-2013| 139.11
02-05-2013| 105.00
03-05-2013| 105.00
04-05-2013| 111.99
05-05-2013| 111.99
06-05-2013| 120.95
07-05-2013| 120.95
08-05-2013| 113.95
09-05-2013| 113.95
10-05-2013| 117.68
11-05-2013| 117.68
12-05-2013| 114.32
13-05-2013| 114.32
14-05-2013| 119.00
15-05-2013| 119.00
16-05-2013| 115.09
17-05-2013| 115.09
18-05-2013| 123.75
19-05-2013| 123.75
20-05-2013| 122.65
21-05-2013| 122.65
22-05-2013| 122.64
23-05-2013| 122.64
24-05-2013| 131.50
25-05-2013| 131.50
26-05-2013| 134.05
27-05-2013| 134.05
28-05-2013| 128.32
29-05-2013| 128.32
30-05-2013| 131.00
31-05-2013| 131.00
01-06-2013| 129.20
02-06-2013| 129.20
03-06-2013| 120.00
04-06-2013| 120.00
05-06-2013| 122.41
06-06-2013| 122.41
07-06-2013| 110.30
08-06-2013| 110.30
09-06-2013| 98.47
10-06-2013| 98.47
11-06-2013| 108.00
12-06-2013| 108.00
13-06-2013| 109.00
14-06-2013| 109.00
15-06-2013| 101.97
16-06-2013| 101.97
17-06-2013| 100.53
18-06-2013| 100.53
19-06-2013| 107.84
20-06-2013| 107.84
21-06-2013| 111.00
22-06-2013| 111.00
23-06-2013| 107.68
24-06-2013| 107.68
25-06-2013| 103.87
26-06-2013| 103.87
27-06-2013| 102.79
28-06-2013| 102.79
29-06-2013| 95.85
30-06-2013| 95.85
01-07-2013| 91.00
02-07-2013| 91.00
03-07-2013| 82.80
04-07-2013| 82.80
05-07-2013| 67.86
06-07-2013| 67.86
07-07-2013| 70.94
08-07-2013| 70.94
09-07-2013| 76.33
10-07-2013| 76.33
11-07-2013| 87.15
12-07-2013| 87.15
13-07-2013| 96.00
14-07-2013| 96.00
15-07-2013| 98.38
16-07-2013| 98.38
17-07-2013| 97.97
18-07-2013| 97.97
19-07-2013| 93.41
20-07-2013| 93.41
21-07-2013| 88.94
22-07-2013| 88.94
23-07-2013| 95.40
24-07-2013| 95.40
25-07-2013| 96.20
26-07-2013| 96.20
27-07-2013| 95.20
28-07-2013| 95.20
29-07-2013| 101.04
30-07-2013| 101.04
31-07-2013| 104.96
01-08-2013| 104.96
02-08-2013| 105.50
03-08-2013| 105.50
04-08-2013| 104.67
05-08-2013| 104.67
06-08-2013| 106.88
07-08-2013| 106.88
08-08-2013| 101.90
09-08-2013| 101.90
10-08-2013| 102.62
11-08-2013| 102.62
12-08-2013| 104.99
13-08-2013| 104.99
14-08-2013| 100.03
15-08-2013| 100.03
16-08-2013| 98.51
17-08-2013| 98.51
18-08-2013| 99.02
19-08-2013| 99.02
20-08-2013| 104.59
21-08-2013| 104.59
22-08-2013| 111.01
23-08-2013| 111.01
24-08-2013| 108.79
25-08-2013| 108.79
26-08-2013| 111.80
27-08-2013| 111.80
28-08-2013| 119.25
29-08-2013| 119.25
30-08-2013| 124.79
31-08-2013| 124.79
01-09-2013| 130.82
02-09-2013| 130.82
03-09-2013| 130.45
04-09-2013| 130.45
05-09-2013| 124.51
06-09-2013| 124.51
07-09-2013| 120.15
08-09-2013| 120.15
09-09-2013| 121.66
10-09-2013| 121.66
11-09-2013| 124.10
12-09-2013| 124.10
13-09-2013| 128.29
14-09-2013| 128.29
15-09-2013| 125.46
16-09-2013| 125.46
17-09-2013| 127.56
18-09-2013| 127.56
19-09-2013| 124.10
20-09-2013| 124.10
21-09-2013| 123.50
22-09-2013| 123.50
23-09-2013| 123.02
24-09-2013| 123.02
25-09-2013| 124.18
26-09-2013| 124.18
27-09-2013| 125.60
28-09-2013| 125.60
29-09-2013| 128.10
30-09-2013| 128.10
01-10-2013| 127.11
02-10-2013| 127.11
03-10-2013| 116.95
04-10-2013| 116.95
05-10-2013| 121.51
06-10-2013| 121.51
07-10-2013| 123.60
08-10-2013| 123.60
09-10-2013| 126.08
10-10-2013| 126.08
11-10-2013| 126.84
12-10-2013| 126.84
13-10-2013| 129.74
14-10-2013| 129.74
15-10-2013| 139.24
16-10-2013| 139.24
17-10-2013| 143.33
18-10-2013| 143.33
19-10-2013| 165.05
20-10-2013| 165.05
21-10-2013| 177.07
22-10-2013| 177.07
23-10-2013| 199.95
24-10-2013| 199.95
25-10-2013| 172.81
26-10-2013| 172.81
27-10-2013| 189.06
28-10-2013| 189.06
29-10-2013| 202.09
30-10-2013| 202.09
31-10-2013| 201.61
01-11-2013| 201.61
02-11-2013| 204.15
03-11-2013| 204.15
04-11-2013| 225.10
05-11-2013| 225.10
06-11-2013| 258.23
07-11-2013| 258.23
08-11-2013| 325.56
09-11-2013| 325.56
10-11-2013| 296.91
11-11-2013| 296.91
12-11-2013| 353.95
13-11-2013| 353.95
14-11-2013| 416.50
15-11-2013| 416.50
16-11-2013| 433.53
17-11-2013| 433.53
18-11-2013| 583.16
19-11-2013| 583.16
20-11-2013| 595.00
21-11-2013| 595.00
22-11-2013| 761.00
23-11-2013| 761.00
24-11-2013| 833.16
25-11-2013| 833.16
26-11-2013| 844.90
27-11-2013| 844.90
28-11-2013| 1009.00
29-11-2013| 1009.00
30-11-2013| 1119.96
01-12-2013| 1119.96
02-12-2013| 992.27
03-12-2013| 992.27
04-12-2013| 1151.00
05-12-2013| 1151.00
06-12-2013| 894.00
07-12-2013| 894.00
08-12-2013| 722.99
09-12-2013| 722.99
10-12-2013| 936.98
11-12-2013| 936.98
12-12-2013| 845.75
13-12-2013| 845.75
14-12-2013| 864.70
15-12-2013| 864.70
16-12-2013| 709.00
17-12-2013| 709.00
18-12-2013| 576.16
19-12-2013| 576.16
20-12-2013| 660.00
21-12-2013| 660.00
22-12-2013| 637.00
23-12-2013| 637.00
24-12-2013| 647.27
25-12-2013| 647.27
26-12-2013| 734.42
27-12-2013| 734.42
28-12-2013| 701.61
29-12-2013| 701.61
30-12-2013| 739.10
31-12-2013| 754.01
01-01-2014| 771.40
02-01-2014| 802.39
03-01-2014| 818.72
04-01-2014| 859.51
05-01-2014| 933.53
06-01-2014| 953.29
07-01-2014| 802.00
08-01-2014| 842.72
09-01-2014| 846.86
10-01-2014| 868.48
11-01-2014| 913.95
12-01-2014| 863.22
13-01-2014| 841.20
14-01-2014| 833.27
15-01-2014| 860.90
16-01-2014| 835.63
17-01-2014| 814.64
18-01-2014| 840.00
19-01-2014| 870.96
20-01-2014| 870.20
21-01-2014| 863.91
22-01-2014| 845.59
23-01-2014| 822.04
24-01-2014| 797.07
25-01-2014| 853.61
26-01-2014| 885.28
27-01-2014| 771.39
28-01-2014| 812.51
29-01-2014| 826.00
30-01-2014| 819.03
31-01-2014| 829.92
01-02-2014| 832.58
02-02-2014| 825.37
03-02-2014| 823.83
04-02-2014| 827.96
05-02-2014| 811.91
06-02-2014| 781.55
07-02-2014| 712.40
08-02-2014| 673.92
09-02-2014| 682.90
10-02-2014| 681.03
11-02-2014| 672.17
12-02-2014| 651.72
13-02-2014| 605.24
14-02-2014| 661.99
15-02-2014| 650.92
16-02-2014| 616.63
17-02-2014| 626.27
18-02-2014| 626.60
19-02-2014| 623.03
20-02-2014| 556.14
21-02-2014| 574.16
22-02-2014| 605.42
23-02-2014| 605.82
24-02-2014| 546.32
25-02-2014| 538.71
26-02-2014| 582.69
27-02-2014| 578.77
28-02-2014| 549.26
01-03-2014| 565.61
02-03-2014| 559.79
03-03-2014| 667.76
04-03-2014| 666.78
05-03-2014| 665.51
06-03-2014| 663.86
07-03-2014| 629.15
08-03-2014| 617.45
09-03-2014| 636.96
10-03-2014| 627.79
11-03-2014| 634.11
12-03-2014| 632.10
13-03-2014| 638.14
14-03-2014| 628.80
15-03-2014| 636.12
16-03-2014| 631.11
17-03-2014| 622.37
18-03-2014| 614.83
19-03-2014| 609.89
20-03-2014| 588.77
21-03-2014| 571.49
22-03-2014| 565.04
23-03-2014| 561.27
24-03-2014| 583.41
25-03-2014| 583.92
26-03-2014| 580.83
27-03-2014| 471.24
28-03-2014| 495.67
29-03-2014| 491.17
30-03-2014| 460.27
31-03-2014| 457.00
01-04-2014| 478.38
02-04-2014| 437.14
03-04-2014| 444.72
04-04-2014| 447.53
05-04-2014| 461.91
06-04-2014| 460.50
07-04-2014| 449.42
08-04-2014| 453.09
09-04-2014| 442.73
10-04-2014| 365.18
11-04-2014| 420.95
12-04-2014| 421.12
13-04-2014| 414.06
14-04-2014| 458.79
15-04-2014| 515.59
16-04-2014| 527.40
17-04-2014| 495.96
18-04-2014| 479.64
19-04-2014| 501.57
20-04-2014| 498.17
21-04-2014| 495.77
22-04-2014| 487.92
23-04-2014| 491.30
24-04-2014| 500.46
25-04-2014| 461.45
26-04-2014| 458.60
27-04-2014| 436.39
28-04-2014| 440.29
29-04-2014| 447.21
30-04-2014| 447.64
01-05-2014| 457.76
02-05-2014| 449.38
03-05-2014| 437.76
04-05-2014| 436.40
05-05-2014| 433.48
06-05-2014| 428.96
07-05-2014| 438.82
08-05-2014| 440.17
09-05-2014| 449.46
10-05-2014| 454.43
11-05-2014| 438.89
12-05-2014| 441.46
13-05-2014| 440.67
14-05-2014| 443.97
15-05-2014| 447.25
16-05-2014| 448.06
17-05-2014| 448.90
18-05-2014| 446.26
19-05-2014| 446.18
20-05-2014| 485.72
21-05-2014| 491.77
22-05-2014| 524.58
23-05-2014| 520.22
24-05-2014| 525.14
25-05-2014| 571.59
26-05-2014| 583.42
27-05-2014| 571.24
28-05-2014| 577.06
29-05-2014| 568.18
30-05-2014| 615.33
31-05-2014| 623.68
01-06-2014| 630.23
02-06-2014| 660.62
03-06-2014| 667.60
04-06-2014| 641.61
05-06-2014| 659.26
06-06-2014| 653.70
07-06-2014| 654.97
08-06-2014| 656.14
09-06-2014| 649.16
10-06-2014| 653.15
11-06-2014| 633.02
12-06-2014| 586.95
13-06-2014| 600.16
14-06-2014| 577.36
15-06-2014| 592.94
16-06-2014| 592.19
17-06-2014| 610.86
18-06-2014| 607.96
19-06-2014| 598.07
20-06-2014| 594.15
21-06-2014| 594.99
22-06-2014| 602.27
23-06-2014| 593.98
24-06-2014| 582.36
25-06-2014| 566.34
26-06-2014| 581.14
27-06-2014| 597.26
28-06-2014| 596.55
29-06-2014| 602.72
30-06-2014| 639.80
01-07-2014| 640.81
02-07-2014| 650.88
03-07-2014| 645.16
04-07-2014| 630.69
05-07-2014| 631.46
06-07-2014| 635.81
07-07-2014| 624.09
08-07-2014| 624.82
09-07-2014| 624.51
10-07-2014| 616.76
11-07-2014| 632.00
12-07-2014| 633.71
13-07-2014| 626.50
14-07-2014| 619.32
15-07-2014| 621.59
16-07-2014| 616.80
17-07-2014| 623.09
18-07-2014| 628.78
19-07-2014| 628.52
20-07-2014| 623.90
21-07-2014| 622.21
22-07-2014| 621.55
23-07-2014| 619.41
24-07-2014| 601.73
25-07-2014| 601.09
26-07-2014| 595.81
27-07-2014| 593.85
28-07-2014| 585.69
29-07-2014| 584.72
30-07-2014| 567.29
31-07-2014| 586.23
01-08-2014| 594.92
02-08-2014| 589.33
03-08-2014| 586.67
04-08-2014| 588.78
05-08-2014| 585.44
06-08-2014| 584.65
07-08-2014| 588.87
08-08-2014| 592.58
09-08-2014| 589.37
10-08-2014| 591.06
11-08-2014| 576.37
12-08-2014| 569.64
13-08-2014| 546.66
14-08-2014| 505.97
15-08-2014| 497.01
16-08-2014| 519.71
17-08-2014| 491.80
18-08-2014| 461.46
19-08-2014| 485.24
20-08-2014| 511.98
21-08-2014| 517.24
22-08-2014| 514.04
23-08-2014| 498.08
24-08-2014| 508.29
25-08-2014| 502.50
26-08-2014| 511.57
27-08-2014| 511.15
28-08-2014| 507.82
29-08-2014| 508.52
30-08-2014| 504.25
31-08-2014| 477.76
01-09-2014| 474.88
02-09-2014| 477.43
03-09-2014| 477.59
04-09-2014| 489.66
05-09-2014| 483.34
06-09-2014| 484.83
07-09-2014| 482.28
08-09-2014| 474.60
09-09-2014| 475.26
10-09-2014| 479.36
11-09-2014| 479.75
12-09-2014| 477.75
13-09-2014| 479.00
14-09-2014| 477.89
15-09-2014| 475.37
16-09-2014| 466.06
17-09-2014| 457.33
18-09-2014| 424.44
19-09-2014| 394.80
20-09-2014| 408.90
21-09-2014| 398.82
22-09-2014| 402.15
23-09-2014| 435.79
24-09-2014| 423.20
25-09-2014| 411.57
26-09-2014| 404.42
27-09-2014| 399.52
28-09-2014| 377.18
29-09-2014| 375.47
30-09-2014| 386.94
01-10-2014| 383.61
02-10-2014| 375.07
03-10-2014| 359.51
04-10-2014| 328.87
05-10-2014| 320.51
06-10-2014| 330.08
07-10-2014| 336.19
08-10-2014| 352.94
09-10-2014| 365.03
10-10-2014| 361.56
11-10-2014| 362.30
12-10-2014| 378.55
13-10-2014| 390.41
14-10-2014| 400.87
15-10-2014| 394.77
16-10-2014| 382.56
17-10-2014| 383.76
18-10-2014| 391.44
19-10-2014| 389.55
20-10-2014| 382.85
21-10-2014| 386.48
22-10-2014| 383.16
23-10-2014| 358.42
24-10-2014| 358.35
25-10-2014| 347.27
26-10-2014| 354.70
27-10-2014| 352.99
28-10-2014| 357.62
29-10-2014| 335.59
30-10-2014| 345.30
31-10-2014| 338.32
01-11-2014| 325.75
02-11-2014| 325.89
03-11-2014| 327.55
04-11-2014| 330.49
05-11-2014| 339.49
06-11-2014| 349.29
07-11-2014| 342.42
08-11-2014| 345.49
09-11-2014| 363.26
10-11-2014| 366.92
11-11-2014| 367.70
12-11-2014| 423.56
13-11-2014| 420.73
14-11-2014| 397.82
15-11-2014| 376.13
16-11-2014| 387.88
17-11-2014| 387.41
18-11-2014| 375.20
19-11-2014| 380.55
20-11-2014| 357.84
21-11-2014| 350.85
22-11-2014| 352.92
23-11-2014| 367.57
24-11-2014| 376.90
25-11-2014| 375.35
26-11-2014| 368.37
27-11-2014| 369.67
28-11-2014| 376.45
29-11-2014| 375.49
30-11-2014| 378.05
01-12-2014| 379.24
02-12-2014| 381.32
03-12-2014| 375.01
04-12-2014| 369.60
05-12-2014| 376.85
06-12-2014| 374.79
07-12-2014| 375.10
08-12-2014| 361.91
09-12-2014| 352.22
10-12-2014| 346.36
11-12-2014| 350.51
12-12-2014| 352.54
13-12-2014| 347.38
14-12-2014| 351.63
15-12-2014| 345.35
16-12-2014| 327.06
17-12-2014| 319.78
18-12-2014| 311.40
19-12-2014| 317.84
20-12-2014| 329.96
21-12-2014| 320.84
22-12-2014| 331.89
23-12-2014| 334.57
24-12-2014| 322.53
25-12-2014| 319.01
26-12-2014| 327.92
27-12-2014| 315.86
28-12-2014| 317.24
29-12-2014| 312.67
30-12-2014| 310.74
31-12-2014| 320.19
01-01-2015| 314.25
02-01-2015| 315.03
03-01-2015| 281.08
04-01-2015| 264.20
05-01-2015| 274.47
06-01-2015| 286.19
07-01-2015| 294.34
08-01-2015| 283.35
09-01-2015| 290.41
10-01-2015| 274.80
11-01-2015| 265.66
12-01-2015| 267.80
13-01-2015| 225.86
14-01-2015| 178.10
15-01-2015| 209.84
16-01-2015| 208.10
17-01-2015| 199.26
18-01-2015| 210.34
19-01-2015| 214.86
20-01-2015| 211.32
21-01-2015| 226.90
22-01-2015| 233.41
23-01-2015| 232.88
24-01-2015| 247.85
25-01-2015| 253.72
26-01-2015| 273.47
27-01-2015| 263.48
28-01-2015| 233.91
29-01-2015| 233.51
30-01-2015| 226.43
31-01-2015| 217.46
01-02-2015| 226.97
02-02-2015| 238.23
03-02-2015| 227.27
04-02-2015| 226.85
05-02-2015| 217.11
06-02-2015| 222.27
07-02-2015| 227.75
08-02-2015| 223.41
09-02-2015| 220.11
10-02-2015| 219.84
11-02-2015| 219.18
12-02-2015| 221.76
13-02-2015| 235.43
14-02-2015| 257.32
15-02-2015| 234.82
16-02-2015| 233.84
17-02-2015| 243.61
18-02-2015| 236.33
19-02-2015| 240.28
20-02-2015| 243.78
21-02-2015| 244.53
22-02-2015| 235.98
23-02-2015| 238.89
24-02-2015| 238.74
25-02-2015| 237.47
26-02-2015| 236.43
27-02-2015| 253.83
28-02-2015| 254.26
01-03-2015| 260.20
02-03-2015| 275.67
03-03-2015| 281.70
04-03-2015| 273.09
05-03-2015| 276.18
06-03-2015| 272.72
07-03-2015| 276.26
08-03-2015| 274.35
09-03-2015| 289.61
10-03-2015| 291.76
11-03-2015| 296.38
12-03-2015| 294.35
13-03-2015| 285.34
14-03-2015| 281.89
15-03-2015| 286.39
16-03-2015| 290.59
17-03-2015| 285.51
18-03-2015| 256.30
19-03-2015| 260.93
20-03-2015| 261.75
21-03-2015| 260.02
22-03-2015| 267.96
23-03-2015| 266.74
24-03-2015| 245.60
25-03-2015| 246.20
26-03-2015| 248.53
27-03-2015| 247.03
28-03-2015| 252.80
29-03-2015| 242.71
30-03-2015| 247.53
31-03-2015| 244.22
01-04-2015| 247.27
02-04-2015| 253.01
03-04-2015| 254.32
04-04-2015| 253.70
05-04-2015| 260.60
06-04-2015| 255.49
07-04-2015| 253.18
08-04-2015| 245.02
09-04-2015| 243.68
10-04-2015| 236.07
11-04-2015| 236.55
12-04-2015| 236.15
13-04-2015| 224.59
14-04-2015| 219.16
15-04-2015| 223.83
16-04-2015| 228.57
17-04-2015| 222.88
18-04-2015| 223.36
19-04-2015| 222.60
20-04-2015| 224.63
21-04-2015| 235.27
22-04-2015| 234.18
23-04-2015| 236.46
24-04-2015| 231.27
25-04-2015| 226.39
26-04-2015| 219.43
27-04-2015| 229.29
28-04-2015| 225.85
29-04-2015| 225.81
30-04-2015| 236.15
01-05-2015| 232.08
02-05-2015| 234.93
03-05-2015| 240.36
04-05-2015| 239.02
05-05-2015| 236.12
06-05-2015| 229.78
07-05-2015| 237.33
08-05-2015| 243.86
09-05-2015| 241.83
10-05-2015| 240.30
11-05-2015| 242.16
12-05-2015| 241.11
13-05-2015| 236.38
14-05-2015| 236.93
15-05-2015| 237.60
16-05-2015| 236.15
17-05-2015| 236.80
18-05-2015| 233.13
19-05-2015| 231.95
20-05-2015| 234.02
21-05-2015| 235.34
22-05-2015| 240.35
23-05-2015| 238.87
24-05-2015| 240.95
25-05-2015| 237.11
26-05-2015| 237.12
27-05-2015| 237.28
28-05-2015| 237.41
29-05-2015| 237.10
30-05-2015| 233.35
31-05-2015| 230.19
01-06-2015| 222.93
02-06-2015| 225.80
03-06-2015| 225.87
04-06-2015| 224.32
05-06-2015| 224.95
06-06-2015| 225.62
07-06-2015| 222.88
08-06-2015| 228.49
09-06-2015| 229.05
10-06-2015| 228.80
11-06-2015| 229.71
12-06-2015| 229.98
13-06-2015| 232.40
14-06-2015| 233.54
15-06-2015| 236.82
16-06-2015| 250.90
17-06-2015| 249.28
18-06-2015| 249.01
19-06-2015| 244.61
20-06-2015| 245.21
21-06-2015| 243.94
22-06-2015| 246.99
23-06-2015| 244.30
24-06-2015| 240.51
25-06-2015| 242.80
26-06-2015| 243.59
27-06-2015| 250.99
28-06-2015| 249.01
29-06-2015| 257.06
30-06-2015| 263.07
01-07-2015| 258.62
02-07-2015| 255.41
03-07-2015| 256.34
04-07-2015| 260.89
05-07-2015| 271.91
06-07-2015| 269.03
07-07-2015| 266.21
08-07-2015| 270.79
09-07-2015| 269.23
10-07-2015| 284.89
11-07-2015| 293.11
12-07-2015| 310.87
13-07-2015| 292.05
14-07-2015| 287.46
15-07-2015| 285.83
16-07-2015| 278.09
17-07-2015| 279.47
18-07-2015| 274.90
19-07-2015| 273.61
20-07-2015| 278.98
21-07-2015| 275.83
22-07-2015| 277.22
23-07-2015| 276.05
24-07-2015| 288.28
25-07-2015| 288.70
26-07-2015| 292.69
27-07-2015| 293.62
28-07-2015| 294.43
29-07-2015| 289.59
30-07-2015| 287.72
31-07-2015| 284.65
01-08-2015| 281.60
02-08-2015| 282.61
03-08-2015| 281.23
04-08-2015| 285.22
05-08-2015| 281.88
06-08-2015| 278.58
07-08-2015| 279.58
08-08-2015| 261.00
09-08-2015| 265.08
10-08-2015| 264.47
11-08-2015| 270.39
12-08-2015| 266.38
13-08-2015| 264.08
14-08-2015| 265.68
15-08-2015| 261.55
16-08-2015| 258.51
17-08-2015| 257.98
18-08-2015| 211.08
19-08-2015| 226.68
20-08-2015| 235.35
21-08-2015| 232.57
22-08-2015| 230.39
23-08-2015| 228.17
24-08-2015| 210.49
25-08-2015| 221.61
26-08-2015| 225.83
27-08-2015| 224.77
28-08-2015| 231.40
29-08-2015| 229.78
30-08-2015| 228.76
31-08-2015| 230.06
01-09-2015| 228.12
02-09-2015| 229.28
03-09-2015| 227.18
04-09-2015| 230.30
05-09-2015| 235.02
06-09-2015| 239.84
07-09-2015| 239.85
08-09-2015| 243.61
09-09-2015| 238.17
10-09-2015| 238.48
11-09-2015| 240.11
12-09-2015| 235.23
13-09-2015| 230.51
14-09-2015| 230.64
15-09-2015| 230.30
16-09-2015| 229.09
17-09-2015| 229.81
18-09-2015| 232.98
19-09-2015| 231.49
20-09-2015| 231.21
21-09-2015| 227.09
22-09-2015| 230.62
23-09-2015| 230.28
24-09-2015| 234.53
25-09-2015| 235.14
26-09-2015| 234.34
27-09-2015| 232.76
28-09-2015| 239.14
29-09-2015| 236.69
30-09-2015| 236.06
01-10-2015| 237.55
02-10-2015| 237.29
03-10-2015| 238.73
04-10-2015| 238.26
05-10-2015| 240.38
06-10-2015| 246.06
07-10-2015| 242.97
08-10-2015| 242.30
09-10-2015| 243.93
10-10-2015| 244.94
11-10-2015| 247.05
12-10-2015| 245.31
13-10-2015| 249.51
14-10-2015| 251.99
15-10-2015| 254.32
16-10-2015| 262.87
17-10-2015| 270.64
18-10-2015| 261.64
19-10-2015| 263.44
20-10-2015| 269.46
21-10-2015| 266.27
22-10-2015| 274.02
23-10-2015| 276.50
24-10-2015| 281.65
25-10-2015| 283.68
26-10-2015| 285.30
27-10-2015| 293.79
28-10-2015| 304.62
29-10-2015| 313.86
30-10-2015| 328.02
31-10-2015| 314.17
01-11-2015| 325.43
02-11-2015| 361.19
03-11-2015| 403.42
04-11-2015| 411.56
05-11-2015| 386.35
06-11-2015| 374.47
07-11-2015| 386.48
08-11-2015| 373.37
09-11-2015| 380.26
10-11-2015| 336.82
11-11-2015| 311.08
12-11-2015| 338.15
13-11-2015| 336.75
14-11-2015| 332.91
15-11-2015| 320.17
16-11-2015| 330.75
17-11-2015| 335.09
18-11-2015| 334.59
19-11-2015| 326.15
20-11-2015| 322.02
21-11-2015| 326.93
22-11-2015| 324.54
23-11-2015| 323.05
24-11-2015| 320.05
25-11-2015| 328.21
26-11-2015| 352.68
27-11-2015| 358.04
28-11-2015| 357.38
29-11-2015| 371.29
30-11-2015| 377.32
01-12-2015| 362.49
02-12-2015| 359.19
03-12-2015| 361.05
04-12-2015| 363.18
05-12-2015| 388.95
06-12-2015| 388.78
07-12-2015| 395.54
08-12-2015| 415.56
09-12-2015| 417.56
10-12-2015| 415.48
11-12-2015| 451.94
12-12-2015| 435.00
13-12-2015| 433.76
14-12-2015| 444.18
15-12-2015| 465.32
16-12-2015| 454.93
17-12-2015| 456.08
18-12-2015| 463.62
19-12-2015| 462.32
20-12-2015| 442.68
21-12-2015| 438.64
22-12-2015| 436.57
23-12-2015| 442.40
24-12-2015| 454.98
25-12-2015| 455.65
26-12-2015| 417.27
27-12-2015| 422.82
28-12-2015| 422.28
29-12-2015| 432.98
30-12-2015| 426.62
31-12-2015| 430.57
01-01-2016| 434.33
02-01-2016| 433.44
03-01-2016| 430.01
04-01-2016| 433.09
05-01-2016| 431.96
06-01-2016| 429.11
07-01-2016| 458.05
08-01-2016| 453.23
09-01-2016| 447.61
10-01-2016| 447.99
11-01-2016| 448.43
12-01-2016| 435.69
13-01-2016| 432.37
14-01-2016| 430.31
15-01-2016| 364.33
16-01-2016| 387.54
17-01-2016| 382.30
18-01-2016| 387.17
19-01-2016| 380.15
20-01-2016| 420.23
21-01-2016| 410.26
22-01-2016| 382.49
23-01-2016| 387.49
24-01-2016| 402.97
25-01-2016| 391.73
26-01-2016| 392.15
27-01-2016| 394.97
28-01-2016| 380.29
29-01-2016| 379.47
30-01-2016| 378.26
31-01-2016| 368.77
01-02-2016| 373.06
02-02-2016| 374.45
03-02-2016| 369.95
04-02-2016| 389.59
05-02-2016| 386.55
06-02-2016| 376.52
07-02-2016| 376.62
08-02-2016| 373.45
09-02-2016| 376.03
10-02-2016| 381.65
11-02-2016| 379.65
12-02-2016| 384.26
13-02-2016| 391.86
14-02-2016| 407.23
15-02-2016| 400.18
16-02-2016| 407.49
17-02-2016| 416.32
18-02-2016| 422.37
19-02-2016| 420.79
20-02-2016| 437.16
21-02-2016| 438.80
22-02-2016| 437.75
23-02-2016| 420.74
24-02-2016| 424.95
25-02-2016| 424.54
26-02-2016| 432.15
27-02-2016| 432.52
28-02-2016| 433.50
29-02-2016| 437.70
01-03-2016| 435.12
02-03-2016| 423.99
03-03-2016| 421.65
04-03-2016| 410.94
05-03-2016| 400.57
06-03-2016| 407.71
07-03-2016| 414.32
08-03-2016| 413.97
09-03-2016| 414.86
10-03-2016| 417.13
11-03-2016| 421.69
12-03-2016| 411.62
13-03-2016| 414.07
14-03-2016| 416.44
15-03-2016| 416.83
16-03-2016| 417.01
17-03-2016| 420.62
18-03-2016| 409.55
19-03-2016| 410.44
20-03-2016| 413.76
21-03-2016| 413.31
22-03-2016| 418.09
23-03-2016| 418.04
24-03-2016| 416.39
25-03-2016| 417.18
26-03-2016| 417.95
27-03-2016| 426.77
28-03-2016| 424.23
29-03-2016| 416.52
30-03-2016| 414.82
31-03-2016| 416.73
01-04-2016| 417.96
02-04-2016| 420.87
03-04-2016| 420.90
04-04-2016| 421.44
05-04-2016| 424.03
06-04-2016| 423.41
07-04-2016| 422.74
08-04-2016| 420.35
09-04-2016| 419.41
10-04-2016| 421.56
11-04-2016| 422.48
12-04-2016| 425.19
13-04-2016| 423.73
14-04-2016| 424.28
15-04-2016| 429.71
16-04-2016| 430.57
17-04-2016| 427.40
18-04-2016| 428.59
19-04-2016| 435.51
20-04-2016| 441.39
21-04-2016| 449.42
22-04-2016| 445.74
23-04-2016| 450.28
24-04-2016| 458.55
25-04-2016| 461.43
26-04-2016| 466.09
27-04-2016| 444.69
28-04-2016| 449.01
29-04-2016| 455.10
30-04-2016| 448.32
01-05-2016| 451.88
02-05-2016| 444.67
03-05-2016| 450.30
04-05-2016| 446.72
05-05-2016| 447.98
06-05-2016| 459.60
07-05-2016| 458.54
08-05-2016| 458.55
09-05-2016| 460.48
10-05-2016| 450.89
11-05-2016| 452.73
12-05-2016| 454.77
13-05-2016| 455.67
14-05-2016| 455.67
15-05-2016| 457.57
16-05-2016| 454.16
17-05-2016| 453.78
18-05-2016| 454.62
19-05-2016| 438.71
20-05-2016| 442.68
21-05-2016| 443.19
22-05-2016| 439.32
23-05-2016| 444.15
24-05-2016| 445.98
25-05-2016| 449.60
26-05-2016| 453.38
27-05-2016| 473.46
28-05-2016| 530.04
29-05-2016| 526.23
30-05-2016| 533.86
31-05-2016| 531.39
01-06-2016| 536.92
02-06-2016| 537.97
03-06-2016| 569.19
04-06-2016| 572.73
05-06-2016| 574.98
06-06-2016| 585.54
07-06-2016| 576.60
08-06-2016| 581.65
09-06-2016| 574.63
10-06-2016| 577.47
11-06-2016| 606.73
12-06-2016| 672.78
13-06-2016| 704.38
14-06-2016| 685.56
15-06-2016| 694.47
16-06-2016| 766.31
17-06-2016| 748.91
18-06-2016| 756.23
19-06-2016| 763.78
20-06-2016| 737.23
21-06-2016| 666.65
22-06-2016| 596.12
23-06-2016| 623.98
24-06-2016| 665.30
25-06-2016| 665.12
26-06-2016| 629.37
27-06-2016| 655.28
28-06-2016| 647.00
29-06-2016| 639.89
30-06-2016| 673.34
01-07-2016| 676.30
02-07-2016| 703.70
03-07-2016| 658.66
04-07-2016| 683.66
05-07-2016| 670.63
06-07-2016| 677.33
07-07-2016| 640.56
08-07-2016| 666.52
09-07-2016| 650.96
10-07-2016| 649.36
11-07-2016| 647.66
12-07-2016| 664.55
13-07-2016| 654.47
14-07-2016| 658.08
15-07-2016| 663.26
16-07-2016| 660.77
17-07-2016| 679.46
18-07-2016| 673.11
19-07-2016| 672.86
20-07-2016| 665.68
21-07-2016| 665.01
22-07-2016| 650.62
23-07-2016| 655.56
24-07-2016| 661.28
25-07-2016| 654.10
26-07-2016| 651.78
27-07-2016| 654.35
28-07-2016| 655.03
29-07-2016| 656.99
30-07-2016| 655.05
31-07-2016| 624.68
01-08-2016| 606.27
02-08-2016| 547.47
03-08-2016| 566.35
04-08-2016| 578.29
05-08-2016| 575.04
06-08-2016| 587.78
07-08-2016| 592.69
08-08-2016| 591.05
09-08-2016| 587.80
10-08-2016| 592.10
11-08-2016| 589.12
12-08-2016| 587.56
13-08-2016| 585.59
14-08-2016| 570.47
15-08-2016| 567.24
16-08-2016| 577.44
17-08-2016| 573.22
18-08-2016| 574.32
19-08-2016| 575.63
20-08-2016| 581.70
21-08-2016| 581.31
22-08-2016| 586.75
23-08-2016| 583.41
24-08-2016| 580.18
25-08-2016| 577.76
26-08-2016| 579.65
27-08-2016| 569.95
28-08-2016| 573.91
29-08-2016| 574.11
30-08-2016| 577.50
31-08-2016| 575.47
01-09-2016| 572.30
02-09-2016| 575.54
03-09-2016| 598.21
04-09-2016| 608.63
05-09-2016| 606.59
06-09-2016| 610.44
07-09-2016| 614.54
08-09-2016| 626.32
09-09-2016| 622.86
10-09-2016| 623.51
11-09-2016| 606.72
12-09-2016| 608.24
13-09-2016| 609.24
14-09-2016| 610.68
15-09-2016| 607.16
16-09-2016| 606.97
17-09-2016| 605.98
18-09-2016| 609.87
19-09-2016| 609.23
20-09-2016| 608.31
21-09-2016| 597.15
22-09-2016| 596.30
23-09-2016| 602.84
24-09-2016| 602.63
25-09-2016| 600.83
26-09-2016| 608.04
27-09-2016| 606.17
28-09-2016| 604.73
29-09-2016| 605.69
30-09-2016| 609.73
01-10-2016| 613.98
02-10-2016| 610.89
03-10-2016| 612.13
04-10-2016| 610.20
05-10-2016| 612.51
06-10-2016| 613.02
07-10-2016| 617.12
08-10-2016| 619.11
09-10-2016| 616.75
10-10-2016| 618.99
11-10-2016| 641.07
12-10-2016| 636.19
13-10-2016| 636.79
14-10-2016| 640.38
15-10-2016| 638.65
16-10-2016| 641.63
17-10-2016| 639.19
18-10-2016| 637.96
19-10-2016| 630.52
20-10-2016| 630.86
21-10-2016| 632.83
22-10-2016| 657.29
23-10-2016| 657.07
24-10-2016| 653.76
25-10-2016| 657.59
26-10-2016| 678.30
27-10-2016| 688.31
28-10-2016| 689.65
29-10-2016| 714.48
30-10-2016| 701.86
31-10-2016| 700.97
01-11-2016| 729.79
02-11-2016| 740.83
03-11-2016| 688.70
04-11-2016| 703.23
05-11-2016| 703.42
06-11-2016| 711.52
07-11-2016| 703.13
08-11-2016| 709.85
09-11-2016| 723.27
10-11-2016| 715.53
11-11-2016| 716.41
12-11-2016| 705.05
13-11-2016| 702.03
14-11-2016| 705.02
15-11-2016| 711.62
16-11-2016| 744.20
17-11-2016| 740.98
18-11-2016| 751.59
19-11-2016| 751.62
20-11-2016| 731.03
21-11-2016| 739.25
22-11-2016| 751.35
23-11-2016| 744.59
24-11-2016| 740.29
25-11-2016| 741.65
26-11-2016| 735.38
27-11-2016| 732.03
28-11-2016| 735.81
29-11-2016| 735.60
30-11-2016| 745.69
01-12-2016| 756.77
02-12-2016| 777.94
03-12-2016| 771.16
04-12-2016| 773.87
05-12-2016| 758.70
06-12-2016| 764.22
07-12-2016| 768.13
08-12-2016| 770.81
09-12-2016| 772.79
10-12-2016| 774.65
11-12-2016| 769.73
12-12-2016| 780.09
13-12-2016| 780.56
14-12-2016| 781.48
15-12-2016| 778.09
16-12-2016| 784.91
17-12-2016| 790.83
18-12-2016| 790.53
19-12-2016| 792.71
20-12-2016| 800.88
21-12-2016| 834.28
22-12-2016| 864.54
23-12-2016| 921.98
24-12-2016| 898.82
25-12-2016| 896.18
26-12-2016| 907.61
27-12-2016| 933.20
28-12-2016| 975.92
29-12-2016| 973.50
30-12-2016| 961.24
31-12-2016| 963.74
01-01-2017| 998.33
02-01-2017| 1021.75
03-01-2017| 1043.84
04-01-2017| 1154.73
05-01-2017| 1013.38
06-01-2017| 902.20
07-01-2017| 908.59
08-01-2017| 911.20
09-01-2017| 902.83
10-01-2017| 907.68
11-01-2017| 777.76
12-01-2017| 804.83
13-01-2017| 823.98
14-01-2017| 818.41
15-01-2017| 821.80
16-01-2017| 831.53
17-01-2017| 907.94
18-01-2017| 886.62
19-01-2017| 899.07
20-01-2017| 895.03
21-01-2017| 921.79
22-01-2017| 924.67
23-01-2017| 921.01
24-01-2017| 892.69
25-01-2017| 901.54
26-01-2017| 917.59
27-01-2017| 919.75
28-01-2017| 921.59
29-01-2017| 919.50
30-01-2017| 920.38
31-01-2017| 970.40
01-02-2017| 989.02
02-02-2017| 1011.80
03-02-2017| 1029.91
04-02-2017| 1042.90
05-02-2017| 1027.34
06-02-2017| 1038.15
07-02-2017| 1061.35
08-02-2017| 1063.07
09-02-2017| 994.38
10-02-2017| 988.67
11-02-2017| 1004.45
12-02-2017| 999.18
13-02-2017| 990.64
14-02-2017| 1004.55
15-02-2017| 1007.48
16-02-2017| 1027.44
17-02-2017| 1046.21
18-02-2017| 1054.42
19-02-2017| 1047.87
20-02-2017| 1079.98
21-02-2017| 1115.30
22-02-2017| 1117.44
23-02-2017| 1166.72
24-02-2017| 1173.68
25-02-2017| 1143.84
26-02-2017| 1165.20
27-02-2017| 1179.97
28-02-2017| 1179.97
01-03-2017| 1222.50
02-03-2017| 1251.01
03-03-2017| 1274.99
04-03-2017| 1255.15
05-03-2017| 1267.12
06-03-2017| 1272.83
07-03-2017| 1223.54
08-03-2017| 1150.00
09-03-2017| 1188.49
10-03-2017| 1116.72
11-03-2017| 1175.83
12-03-2017| 1221.38
13-03-2017| 1231.92
14-03-2017| 1240.00
15-03-2017| 1249.61
16-03-2017| 1187.81
17-03-2017| 1100.23
18-03-2017| 973.82
19-03-2017| 1036.74
20-03-2017| 1054.23
21-03-2017| 1120.54
22-03-2017| 1049.14
23-03-2017| 1038.59
24-03-2017| 937.52
25-03-2017| 972.78
26-03-2017| 966.72
27-03-2017| 1045.77
28-03-2017| 1047.15
29-03-2017| 1039.97
30-03-2017| 1026.43
31-03-2017| 1071.79
01-04-2017| 1080.50
02-04-2017| 1102.17
03-04-2017| 1143.81
04-04-2017| 1133.25
05-04-2017| 1124.78
06-04-2017| 1182.68
07-04-2017| 1176.90
08-04-2017| 1175.95
09-04-2017| 1187.87
10-04-2017| 1187.13
11-04-2017| 1205.01
12-04-2017| 1200.37
13-04-2017| 1169.28
14-04-2017| 1167.54
15-04-2017| 1172.52
16-04-2017| 1182.94
17-04-2017| 1193.91
18-04-2017| 1211.67
19-04-2017| 1210.29
20-04-2017| 1229.08
21-04-2017| 1222.05
22-04-2017| 1231.71
23-04-2017| 1207.21
24-04-2017| 1250.15
25-04-2017| 1265.49
26-04-2017| 1281.08
27-04-2017| 1317.73
28-04-2017| 1316.48
29-04-2017| 1321.79
30-04-2017| 1347.89
01-05-2017| 1421.60
02-05-2017| 1452.82
03-05-2017| 1490.09
04-05-2017| 1537.67
05-05-2017| 1555.45
06-05-2017| 1578.80
07-05-2017| 1596.71
08-05-2017| 1723.35
09-05-2017| 1755.36
10-05-2017| 1787.13
11-05-2017| 1848.57
12-05-2017| 1724.24
13-05-2017| 1804.91
14-05-2017| 1808.91
15-05-2017| 1738.43
16-05-2017| 1734.45
17-05-2017| 1839.09
18-05-2017| 1888.65
19-05-2017| 1987.71
20-05-2017| 2084.73
21-05-2017| 2041.20
22-05-2017| 2173.40
23-05-2017| 2320.42
24-05-2017| 2443.64
25-05-2017| 2304.98
26-05-2017| 2202.42
27-05-2017| 2038.87
28-05-2017| 2155.80
29-05-2017| 2255.61
30-05-2017| 2175.47
31-05-2017| 2286.41
01-06-2017| 2407.88
02-06-2017| 2488.55
03-06-2017| 2515.35
04-06-2017| 2511.81
05-06-2017| 2686.81
06-06-2017| 2863.20
07-06-2017| 2732.16
08-06-2017| 2805.62
09-06-2017| 2823.81
10-06-2017| 2947.71
11-06-2017| 2958.11
12-06-2017| 2659.63
13-06-2017| 2717.02
14-06-2017| 2506.37
15-06-2017| 2464.58
16-06-2017| 2518.56
17-06-2017| 2655.88
18-06-2017| 2548.29
19-06-2017| 2589.60
20-06-2017| 2721.79
21-06-2017| 2689.10
22-06-2017| 2705.41
23-06-2017| 2744.91
24-06-2017| 2608.72
25-06-2017| 2589.41
26-06-2017| 2478.45
27-06-2017| 2552.45
28-06-2017| 2574.79
29-06-2017| 2539.32
30-06-2017| 2480.84
01-07-2017| 2434.55
02-07-2017| 2506.47
03-07-2017| 2564.06
04-07-2017| 2601.64
05-07-2017| 2601.99
06-07-2017| 2608.56
07-07-2017| 2518.66
08-07-2017| 2571.34
09-07-2017| 2518.44
10-07-2017| 2372.56
11-07-2017| 2337.79
12-07-2017| 2398.84
13-07-2017| 2357.90
14-07-2017| 2233.34
15-07-2017| 1998.86
16-07-2017| 1929.82
17-07-2017| 2228.41
18-07-2017| 2318.88
19-07-2017| 2273.43
20-07-2017| 2817.60
21-07-2017| 2667.76
22-07-2017| 2810.12
23-07-2017| 2730.40
24-07-2017| 2754.86
25-07-2017| 2576.48
26-07-2017| 2529.45
27-07-2017| 2671.78
28-07-2017| 2809.01
29-07-2017| 2726.45
30-07-2017| 2757.18
31-07-2017| 2875.34
01-08-2017| 2718.26
02-08-2017| 2710.67
03-08-2017| 2804.73
04-08-2017| 2895.89
05-08-2017| 3252.91
06-08-2017| 3213.94
07-08-2017| 3378.94
08-08-2017| 3419.94
09-08-2017| 3342.47
10-08-2017| 3381.28
11-08-2017| 3650.62
12-08-2017| 3884.71
13-08-2017| 4073.26
14-08-2017| 4325.13
15-08-2017| 4181.93
16-08-2017| 4376.63
17-08-2017| 4331.69
18-08-2017| 4160.62
19-08-2017| 4193.70
20-08-2017| 4087.66
21-08-2017| 4001.74
22-08-2017| 4100.52
23-08-2017| 4151.52
24-08-2017| 4334.68
25-08-2017| 4371.60
26-08-2017| 4352.40
27-08-2017| 4382.88
28-08-2017| 4382.66
29-08-2017| 4579.02
30-08-2017| 4565.30
31-08-2017| 4703.39
01-09-2017| 4892.01
02-09-2017| 4578.77
03-09-2017| 4582.96
04-09-2017| 4236.31
05-09-2017| 4376.53
06-09-2017| 4597.12
07-09-2017| 4599.88
08-09-2017| 4228.75
09-09-2017| 4226.06
10-09-2017| 4122.94
11-09-2017| 4161.27
12-09-2017| 4130.81
13-09-2017| 3882.59
14-09-2017| 3154.95
15-09-2017| 3637.52
16-09-2017| 3625.04
17-09-2017| 3582.88
18-09-2017| 4065.20
19-09-2017| 3924.97
20-09-2017| 3905.95
21-09-2017| 3631.04
22-09-2017| 3630.70
23-09-2017| 3792.40
24-09-2017| 3682.84
25-09-2017| 3926.07
26-09-2017| 3892.35
27-09-2017| 4200.67
28-09-2017| 4174.73
29-09-2017| 4163.07
30-09-2017| 4338.71
01-10-2017| 4403.74
02-10-2017| 4409.32
03-10-2017| 4317.48
04-10-2017| 4229.36
05-10-2017| 4328.41
06-10-2017| 4370.81
07-10-2017| 4426.89
08-10-2017| 4610.48
09-10-2017| 4772.02
10-10-2017| 4781.99
11-10-2017| 4826.48
12-10-2017| 5446.91
13-10-2017| 5647.21
14-10-2017| 5831.79
15-10-2017| 5678.19
16-10-2017| 5725.59
17-10-2017| 5605.51
18-10-2017| 5590.69
19-10-2017| 5708.52
20-10-2017| 6011.45
21-10-2017| 6031.60
22-10-2017| 6008.42
23-10-2017| 5930.32
24-10-2017| 5526.64
25-10-2017| 5750.80
26-10-2017| 5904.83
27-10-2017| 5780.90
28-10-2017| 5753.09
29-10-2017| 6153.85
30-10-2017| 6130.53
31-10-2017| 6468.40
01-11-2017| 6767.31
02-11-2017| 7078.50
03-11-2017| 7207.76
04-11-2017| 7379.95
05-11-2017| 7407.41
06-11-2017| 7022.76
07-11-2017| 7144.38
08-11-2017| 7459.69
09-11-2017| 7143.58
10-11-2017| 6618.14
11-11-2017| 6357.60
12-11-2017| 5950.07
13-11-2017| 6559.49
14-11-2017| 6635.75
15-11-2017| 7315.54
16-11-2017| 7871.69
17-11-2017| 7708.99
18-11-2017| 7790.15
19-11-2017| 8036.49
20-11-2017| 8200.64
21-11-2017| 8071.26
22-11-2017| 8253.55
23-11-2017| 8038.77
24-11-2017| 8253.69
25-11-2017| 8790.92
26-11-2017| 9330.55
27-11-2017| 9818.35
28-11-2017| 10058.80
29-11-2017| 9888.61
30-11-2017| 10233.60
01-12-2017| 10975.60
02-12-2017| 11074.60
03-12-2017| 11323.20
04-12-2017| 11657.20
05-12-2017| 11916.70
06-12-2017| 14291.50
07-12-2017| 17899.70
08-12-2017| 16569.40
09-12-2017| 15178.20
10-12-2017| 15455.40
11-12-2017| 16936.80
12-12-2017| 17415.40
13-12-2017| 16408.20
14-12-2017| 16564.00
15-12-2017| 17706.90
16-12-2017| 19497.40
17-12-2017| 19140.80
18-12-2017| 19114.20
19-12-2017| 17776.70
20-12-2017| 16624.60
21-12-2017| 15802.90
22-12-2017| 13831.80
23-12-2017| 14699.20
24-12-2017| 13925.80
25-12-2017| 14026.60
26-12-2017| 16099.80
27-12-2017| 15838.50
28-12-2017| 14606.50
29-12-2017| 14656.20
30-12-2017| 12952.20
31-12-2017| 14156.40
01-01-2018| 13657.20
02-01-2018| 14982.10
03-01-2018| 15201.00
04-01-2018| 15599.20
05-01-2018| 17429.50
06-01-2018| 17527.00
07-01-2018| 16477.60
08-01-2018| 15170.10
09-01-2018| 14595.40
10-01-2018| 14973.30
11-01-2018| 13405.80
12-01-2018| 13980.60
13-01-2018| 14360.20
14-01-2018| 13772.00
15-01-2018| 13819.80
16-01-2018| 11490.50
17-01-2018| 11188.60
18-01-2018| 11474.90
19-01-2018| 11607.40
20-01-2018| 12899.20
21-01-2018| 11600.10
22-01-2018| 10931.40
23-01-2018| 10868.40
24-01-2018| 11359.40
25-01-2018| 11259.40
26-01-2018| 11171.40
27-01-2018| 11440.70
28-01-2018| 11786.30
29-01-2018| 11296.40
30-01-2018| 10106.30
31-01-2018| 10221.10
01-02-2018| 9170.54
02-02-2018| 8830.75
03-02-2018| 9174.91
04-02-2018| 8277.01
05-02-2018| 6955.27
06-02-2018| 7754.00
07-02-2018| 7621.30
08-02-2018| 8265.59
09-02-2018| 8736.98
10-02-2018| 8621.90
11-02-2018| 8129.97
12-02-2018| 8926.57
13-02-2018| 8598.31
14-02-2018| 9494.63
15-02-2018| 10166.40
16-02-2018| 10233.90
17-02-2018| 11112.70
18-02-2018| 10551.80
19-02-2018| 11225.30
20-02-2018| 11403.70
21-02-2018| 10690.40
22-02-2018| 10005.00
23-02-2018| 10301.10
24-02-2018| 9813.07
25-02-2018| 9664.73
26-02-2018| 10366.70
27-02-2018| 10725.60
28-02-2018| 10397.90
01-03-2018| 10951.00
02-03-2018| 11086.40
03-03-2018| 11489.70
04-03-2018| 11512.60
05-03-2018| 11573.30
06-03-2018| 10779.90
07-03-2018| 9965.57
08-03-2018| 9395.01
09-03-2018| 9337.55
10-03-2018| 8866.00
11-03-2018| 9578.63
12-03-2018| 9205.12
13-03-2018| 9194.85
14-03-2018| 8269.81
15-03-2018| 8300.86
16-03-2018| 8338.35
17-03-2018| 7916.88
18-03-2018| 8223.68
19-03-2018| 8630.65
20-03-2018| 8913.47
21-03-2018| 8929.28
22-03-2018| 8728.47
23-03-2018| 8879.62
24-03-2018| 8668.12
25-03-2018| 8495.78
26-03-2018| 8209.40
27-03-2018| 7833.04
28-03-2018| 7954.48
29-03-2018| 7165.70
30-03-2018| 6890.52
31-03-2018| 6973.53
01-04-2018| 6844.23
02-04-2018| 7083.80
03-04-2018| 7456.11
04-04-2018| 6853.84
05-04-2018| 6811.47
06-04-2018| 6636.32
07-04-2018| 6911.09
08-04-2018| 7023.52
09-04-2018| 6770.73
10-04-2018| 6834.76
11-04-2018| 6968.32
12-04-2018| 7889.25
13-04-2018| 7895.96
14-04-2018| 7986.24
15-04-2018| 8329.11
16-04-2018| 8058.67
17-04-2018| 7902.09
18-04-2018| 8163.42
19-04-2018| 8294.31
20-04-2018| 8845.83
21-04-2018| 8895.58
22-04-2018| 8802.46
23-04-2018| 8930.88
24-04-2018| 9697.50
25-04-2018| 8845.74
26-04-2018| 9281.51
27-04-2018| 8987.05
28-04-2018| 9348.48
29-04-2018| 9419.08
30-04-2018| 9240.55
01-05-2018| 9119.01
02-05-2018| 9235.92
03-05-2018| 9743.86
04-05-2018| 9700.76
05-05-2018| 9858.15
06-05-2018| 9654.80
07-05-2018| 9373.01
08-05-2018| 9234.82
09-05-2018| 9325.18
10-05-2018| 9043.94
11-05-2018| 8441.49
12-05-2018| 8504.89
13-05-2018| 8723.94
14-05-2018| 8716.79
15-05-2018| 8510.38
16-05-2018| 8368.83
17-05-2018| 8094.32
18-05-2018| 8250.97
19-05-2018| 8247.18
20-05-2018| 8513.25
21-05-2018| 8418.99
22-05-2018| 8041.78
23-05-2018| 7557.82
24-05-2018| 7587.34
25-05-2018| 7480.14
26-05-2018| 7355.88
27-05-2018| 7368.22
28-05-2018| 7135.99
29-05-2018| 7472.59
30-05-2018| 7406.52
31-05-2018| 7494.17
01-06-2018| 7541.45
02-06-2018| 7643.45
03-06-2018| 7720.25
04-06-2018| 7514.47
05-06-2018| 7633.76
06-06-2018| 7653.98
07-06-2018| 7678.24
08-06-2018| 7624.92
09-06-2018| 7531.98
10-06-2018| 6786.02
11-06-2018| 6906.92
12-06-2018| 6582.36
13-06-2018| 6349.90
14-06-2018| 6675.35
15-06-2018| 6456.58
16-06-2018| 6550.16
17-06-2018| 6499.27
18-06-2018| 6734.82
19-06-2018| 6769.94
20-06-2018| 6776.55
21-06-2018| 6729.74
22-06-2018| 6083.69
23-06-2018| 6162.48
24-06-2018| 6173.23
25-06-2018| 6249.18
26-06-2018| 6093.67
27-06-2018| 6157.13
28-06-2018| 5903.44
29-06-2018| 6218.30
30-06-2018| 6404.00
01-07-2018| 6385.82
02-07-2018| 6614.18
03-07-2018| 6529.59
04-07-2018| 6597.55
05-07-2018| 6639.14
06-07-2018| 6673.50
07-07-2018| 6856.93
08-07-2018| 6773.88
09-07-2018| 6741.75
10-07-2018| 6329.95
11-07-2018| 6394.71
12-07-2018| 6228.81
13-07-2018| 6238.05
14-07-2018| 6276.12
15-07-2018| 6359.64
16-07-2018| 6741.75
17-07-2018| 7321.04
18-07-2018| 7370.78
19-07-2018| 7466.86
20-07-2018| 7354.13
21-07-2018| 7419.29
22-07-2018| 7418.49
23-07-2018| 7711.11
24-07-2018| 8424.27
25-07-2018| 8181.39
26-07-2018| 7951.58
27-07-2018| 8165.01
28-07-2018| 8192.15
29-07-2018| 8218.46
30-07-2018| 8180.48
31-07-2018| 7780.44
01-08-2018| 7624.91
02-08-2018| 7567.15
03-08-2018| 7434.39
04-08-2018| 7032.85
05-08-2018| 7068.48
06-08-2018| 6951.80
07-08-2018| 6753.12
08-08-2018| 6305.80
09-08-2018| 6568.23
10-08-2018| 6184.71
11-08-2018| 6295.73
12-08-2018| 6322.69
13-08-2018| 6297.57
14-08-2018| 6199.71
15-08-2018| 6308.52
16-08-2018| 6334.73
17-08-2018| 6580.63
18-08-2018| 6423.76
19-08-2018| 6506.07
20-08-2018| 6308.53
21-08-2018| 6488.76
22-08-2018| 6376.71
23-08-2018| 6534.88
24-08-2018| 6719.96
25-08-2018| 6763.19
26-08-2018| 6707.26
27-08-2018| 6884.64
28-08-2018| 7096.28
29-08-2018| 7047.16
30-08-2018| 6978.23
31-08-2018| 7037.58
01-09-2018| 7193.25
02-09-2018| 7272.72
03-09-2018| 7260.06
04-09-2018| 7361.66
05-09-2018| 6792.83
06-09-2018| 6529.17
07-09-2018| 6467.07
08-09-2018| 6225.98
09-09-2018| 6300.86
10-09-2018| 6329.70
11-09-2018| 6321.20
12-09-2018| 6351.80
13-09-2018| 6517.31
14-09-2018| 6512.71
15-09-2018| 6543.20
16-09-2018| 6517.18
17-09-2018| 6281.20
18-09-2018| 6371.30
19-09-2018| 6398.54
20-09-2018| 6519.67
21-09-2018| 6734.95
22-09-2018| 6721.98
23-09-2018| 6710.63
24-09-2018| 6595.41
25-09-2018| 6446.47
26-09-2018| 6495.00
27-09-2018| 6676.75
28-09-2018| 6644.13
29-09-2018| 6601.96
30-09-2018| 6625.56
01-10-2018| 6589.62
02-10-2018| 6556.10
03-10-2018| 6502.59
04-10-2018| 6576.69
05-10-2018| 6622.48
06-10-2018| 6588.31
07-10-2018| 6602.95
08-10-2018| 6652.23
09-10-2018| 6642.64
10-10-2018| 6585.53
11-10-2018| 6256.24
12-10-2018| 6274.58
13-10-2018| 6285.99
14-10-2018| 6290.93
15-10-2018| 6596.54
16-10-2018| 6596.11
17-10-2018| 6544.43
18-10-2018| 6476.71
19-10-2018| 6465.41
20-10-2018| 6489.19
21-10-2018| 6482.35
22-10-2018| 6487.16
23-10-2018| 6475.74
24-10-2018| 6495.84
25-10-2018| 6476.29
26-10-2018| 6474.75
27-10-2018| 6480.38
28-10-2018| 6486.39
29-10-2018| 6332.63
30-10-2018| 6334.27
31-10-2018| 6317.61
01-11-2018| 6377.78
02-11-2018| 6388.44
03-11-2018| 6361.26
04-11-2018| 6376.13
05-11-2018| 6419.66
06-11-2018| 6461.01
07-11-2018| 6530.14
08-11-2018| 6453.72
09-11-2018| 6385.62
10-11-2018| 6409.22
11-11-2018| 6411.27
12-11-2018| 6371.27
13-11-2018| 6359.49
14-11-2018| 5738.35
15-11-2018| 5648.03
16-11-2018| 5575.55
17-11-2018| 5554.33
18-11-2018| 5623.54
19-11-2018| 4871.49
20-11-2018| 4451.87
21-11-2018| 4602.17
22-11-2018| 4365.94
23-11-2018| 4347.11
24-11-2018| 3880.76
25-11-2018| 4009.97
26-11-2018| 3779.13
27-11-2018| 3820.72
28-11-2018| 4257.42
29-11-2018| 4278.85
30-11-2018| 4017.27
01-12-2018| 4214.67
02-12-2018| 4139.88
03-12-2018| 3894.13
04-12-2018| 3956.89
05-12-2018| 3753.99
06-12-2018| 3521.10
07-12-2018| 3419.94
08-12-2018| 3476.11
09-12-2018| 3614.23
10-12-2018| 3502.66
11-12-2018| 3424.59
12-12-2018| 3486.95
13-12-2018| 3313.68
14-12-2018| 3242.48
15-12-2018| 3236.76
16-12-2018| 3252.84
17-12-2018| 3545.86
18-12-2018| 3696.06
19-12-2018| 3745.95
20-12-2018| 4134.44
21-12-2018| 3896.54
22-12-2018| 4014.18
23-12-2018| 3998.98
24-12-2018| 4078.60
25-12-2018| 3815.49
26-12-2018| 3857.30
27-12-2018| 3654.83
28-12-2018| 3923.92
29-12-2018| 3820.41
30-12-2018| 3865.95
31-12-2018| 3742.70
01-01-2019| 3843.52
02-01-2019| 3943.41
03-01-2019| 3836.74
04-01-2019| 3857.72
05-01-2019| 3845.19
06-01-2019| 4076.63
07-01-2019| 4025.25
08-01-2019| 4030.85
09-01-2019| 4035.30
10-01-2019| 3678.92
11-01-2019| 3687.37
12-01-2019| 3661.30
13-01-2019| 3552.95
14-01-2019| 3706.05
15-01-2019| 3630.68
16-01-2019| 3655.01
17-01-2019| 3678.56
18-01-2019| 3657.84
19-01-2019| 3728.57
20-01-2019| 3601.01
21-01-2019| 3576.03
22-01-2019| 3604.58
23-01-2019| 3585.12
24-01-2019| 3600.87
25-01-2019| 3599.77
26-01-2019| 3602.46
27-01-2019| 3583.97
28-01-2019| 3470.45
29-01-2019| 3448.12
30-01-2019| 3486.18
31-01-2019| 3457.79
01-02-2019| 3487.95
02-02-2019| 3521.06
03-02-2019| 3464.01
04-02-2019| 3459.15
05-02-2019| 3466.36
06-02-2019| 3413.77
07-02-2019| 3399.47
08-02-2019| 3666.78
09-02-2019| 3671.20
10-02-2019| 3690.19
11-02-2019| 3648.43
12-02-2019| 3653.53
13-02-2019| 3632.07
14-02-2019| 3616.88
15-02-2019| 3620.81
16-02-2019| 3629.79
17-02-2019| 3673.84
18-02-2019| 3915.71
19-02-2019| 3947.09
20-02-2019| 3999.82
21-02-2019| 3954.12
22-02-2019| 4005.53
23-02-2019| 4142.53
24-02-2019| 3810.43
25-02-2019| 3882.70
26-02-2019| 3854.36
27-02-2019| 3851.05
28-02-2019| 3854.79
01-03-2019| 3859.58
02-03-2019| 3864.42
03-03-2019| 3847.18
04-03-2019| 3761.56
05-03-2019| 3896.38
06-03-2019| 3903.94
07-03-2019| 3911.48
08-03-2019| 3901.13
09-03-2019| 3963.31
10-03-2019| 3951.60
11-03-2019| 3905.23
12-03-2019| 3909.16
13-03-2019| 3906.72
14-03-2019| 3924.37
15-03-2019| 3960.91
16-03-2019| 4048.73
17-03-2019| 4025.23
18-03-2019| 4032.51
19-03-2019| 4071.19
20-03-2019| 4087.48
21-03-2019| 4029.33
22-03-2019| 4023.97
23-03-2019| 4035.83
24-03-2019| 4022.17
25-03-2019| 3963.07
26-03-2019| 3985.08
27-03-2019| 4087.07
28-03-2019| 4069.11
29-03-2019| 4098.37
30-03-2019| 4106.66
31-03-2019| 4105.40
01-04-2019| 4158.18
02-04-2019| 4879.88
03-04-2019| 4973.02
04-04-2019| 4922.80
05-04-2019| 5036.68
06-04-2019| 5059.82
07-04-2019| 5198.90
08-04-2019| 5289.77
09-04-2019| 5204.96
10-04-2019| 5324.55
11-04-2019| 5064.49
12-04-2019| 5089.54
13-04-2019| 5096.59
14-04-2019| 5167.72
15-04-2019| 5067.11
16-04-2019| 5235.56
17-04-2019| 5251.94
18-04-2019| 5298.39
19-04-2019| 5303.81
20-04-2019| 5337.89
21-04-2019| 5314.53
22-04-2019| 5399.37
23-04-2019| 5572.36
24-04-2019| 5464.87
25-04-2019| 5210.52
26-04-2019| 5279.35
27-04-2019| 5268.29
28-04-2019| 5285.14
29-04-2019| 5247.35
30-04-2019| 5350.73
01-05-2019| 5402.70
02-05-2019| 5505.28
03-05-2019| 5768.29
04-05-2019| 5831.17
05-05-2019| 5795.71
06-05-2019| 5746.81
07-05-2019| 5829.50
08-05-2019| 5982.46
09-05-2019| 6174.53
10-05-2019| 6378.85
11-05-2019| 7204.77
12-05-2019| 6972.37
13-05-2019| 7814.92
14-05-2019| 7994.42
15-05-2019| 8205.17
16-05-2019| 7884.91
17-05-2019| 7343.90
18-05-2019| 7271.21
19-05-2019| 8197.69
20-05-2019| 7978.31
21-05-2019| 7963.33
22-05-2019| 7680.07
23-05-2019| 7881.85
24-05-2019| 7987.37
25-05-2019| 8052.54
26-05-2019| 8673.22
27-05-2019| 8805.78
28-05-2019| 8719.96
29-05-2019| 8659.49
30-05-2019| 8319.47
31-05-2019| 8574.50
01-06-2019| 8564.02
02-06-2019| 8742.96
03-06-2019| 8208.99
04-06-2019| 7707.77
05-06-2019| 7824.23
06-06-2019| 7822.02
07-06-2019| 8043.95
08-06-2019| 7954.13
09-06-2019| 7688.08
10-06-2019| 8000.33
11-06-2019| 7927.71
12-06-2019| 8145.86
13-06-2019| 8230.92
14-06-2019| 8693.83
15-06-2019| 8838.38
16-06-2019| 8994.49
17-06-2019| 9320.35
18-06-2019| 9081.76
19-06-2019| 9273.52
20-06-2019| 9527.16
21-06-2019| 10144.56
22-06-2019| 10701.69
23-06-2019| 10855.37
24-06-2019| 11011.10
25-06-2019| 11790.92
26-06-2019| 13016.23
27-06-2019| 11182.81
28-06-2019| 12407.33
29-06-2019| 11959.37
30-06-2019| 10817.16
01-07-2019| 10817.16
02-07-2019| 10583.13
03-07-2019| 10801.68
04-07-2019| 11961.27
05-07-2019| 11215.44
06-07-2019| 10978.46
07-07-2019| 11208.55
08-07-2019| 11450.85
09-07-2019| 12285.96
10-07-2019| 12573.81
11-07-2019| 12156.51
12-07-2019| 11358.66
13-07-2019| 11815.99
14-07-2019| 11392.38
15-07-2019| 10256.06
16-07-2019| 10895.09
17-07-2019|9477.64
18-07-2019|9693.80
19-07-2019|10666.48
20-07-2019|10530.73
21-07-2019|10767.14
22-07-2019|10599.11
23-07-2019|10343.11
24-07-2019|9900.77
25-07-2019|9811.93
26-07-2019|9911.84
27-07-2019|9870.30
28-07-2019|9477.68
29-07-2019|9552.86
30-07-2019|9519.15
31-07-2019|9607.42
01-08-2019|10085.63
02-08-2019|10399.67
03-08-2019|10518.17
04-08-2019|10821.73
05-08-2019|10970.18
06-08-2019|11805.65
07-08-2019|11478.17
08-08-2019|11941.97
09-08-2019|11966.41
10-08-2019|11862.94
11-08-2019|11354.02
12-08-2019|11523.58
13-08-2019|11382.62
14-08-2019|10895.83
15-08-2019|10051.70
16-08-2019|10311.55
17-08-2019|10374.34
18-08-2019|10231.74
19-08-2019|10345.81
20-08-2019|10916.05
21-08-2019|10763.23
22-08-2019|10138.05
23-08-2019|10131.06
24-08-2019|10407.97
25-08-2019|10159.96
26-08-2019|10138.52
27-08-2019|10370.82
28-08-2019|10185.50
29-08-2019|9754.42
30-08-2019|9510.20
31-08-2019|9598.17
01-09-2019|9630.66
02-09-2019|9757.97
03-09-2019|10346.76
04-09-2019|10623.54
05-09-2019|10594.49
06-09-2019|10575.53
07-09-2019|10353.30
08-09-2019|10517.25
09-09-2019|10441.28
10-09-2019|10334.97
11-09-2019|10115.98
12-09-2019|10178.37
13-09-2019|10410.13
14-09-2019|10360.55
15-09-2019|10358.05
16-09-2019|10347.71
17-09-2019|10276.79
18-09-2019|10241.27
19-09-2019|10198.25
20-09-2019|10266.41
21-09-2019|10181.64
22-09-2019|10019.72
23-09-2019|10070.39
24-09-2019|9729.32
25-09-2019|8620.57
26-09-2019|8486.99
27-09-2019|8118.97
28-09-2019|8251.85
29-09-2019|8245.92
30-09-2019|8104.19
01-10-2019|8293.87
02-10-2019|8393.04
03-10-2019|8259.99
04-10-2019|8205.94
05-10-2019|8151.50
06-10-2019|7988.16
07-10-2019|8245.62
08-10-2019|8228.78
09-10-2019|8595.74
10-10-2019|8586.47
11-10-2019|8321.76
12-10-2019|8336.56
13-10-2019|8321.01
14-10-2019|8374.69
15-10-2019|8205.37
16-10-2019|8047.53
17-10-2019|8103.91
18-10-2019|7973.21
19-10-2019|7988.56
20-10-2019|8222.08
21-10-2019|8243.72
22-10-2019|8078.20
23-10-2019|7514.67
24-10-2019|7493.49
25-10-2019|8660.70
26-10-2019|9244.97
27-10-2019|9551.71
28-10-2019|9256.15
29-10-2019|9427.69
30-10-2019|9205.73
31-10-2019|9199.58
01-11-2019|9261.10
02-11-2019|9324.72
03-11-2019|9235.35
04-11-2019|9412.61
05-11-2019|9342.53
06-11-2019|9360.88
07-11-2019|9267.56
08-11-2019|8804.88
09-11-2019|8813.58
10-11-2019|9055.53
11-11-2019|8757.79
12-11-2019|8815.66
13-11-2019|8808.26
14-11-2019|8708.10
15-11-2019|8491.99
16-11-2019|8550.76
17-11-2019|8577.98
18-11-2019|8309.29
19-11-2019|8206.15
20-11-2019|8027.27
21-11-2019|7642.75
22-11-2019|7296.58
23-11-2019|7397.80
24-11-2019|7047.92
25-11-2019|7146.13
26-11-2019|7218.37
27-11-2019|7531.66
28-11-2019|7463.11
29-11-2019|7761.24
30-11-2019|7569.63
01-12-2019|7424.29
02-12-2019|7321.99
03-12-2019|7320.15
04-12-2019|7252.03
05-12-2019|7448.31
06-12-2019|7547.00
07-12-2019|7556.24
08-12-2019|7564.35
09-12-2019|7400.90
10-12-2019|7278.12
11-12-2019|7217.43
12-12-2019|7243.13
13-12-2019|7269.68
14-12-2019|7124.67
15-12-2019|7152.30
16-12-2019|6932.48
17-12-2019|6640.52
18-12-2019|7276.80
19-12-2019|7202.84
20-12-2019|7218.82
21-12-2019|7191.16
22-12-2019|7511.59
23-12-2019|7355.63
24-12-2019|7322.53
25-12-2019|7275.16
26-12-2019|7238.97
27-12-2019|7290.09
28-12-2019|7317.99
29-12-2019|7422.65
30-12-2019|7293.00
31-12-2019|7193.60
01-01-2020|7200.17
02-01-2020|6985.47
03-01-2020|7344.88
04-01-2020|7410.66
05-01-2020|7411.32
06-01-2020|7769.22
07-01-2020|8163.69
08-01-2020|8079.86
09-01-2020|7879.07
10-01-2020|8166.55
11-01-2020|8037.54
12-01-2020|8192.49
13-01-2020|8144.19
14-01-2020|8827.76
15-01-2020|8807.01
16-01-2020|8723.79
17-01-2020|8929.04
18-01-2020|8942.81
19-01-2020|8706.25
20-01-2020|8657.64
21-01-2020|8745.89
22-01-2020|8680.88
23-01-2020|8406.52
24-01-2020|8445.43
25-01-2020|8367.85
26-01-2020|8596.83
27-01-2020|8909.82
28-01-2020|9358.59
29-01-2020|9316.63
30-01-2020|9508.99
31-01-2020|9350.53
01-02-2020|9392.88
02-02-2020|9344.37
03-02-2020|9293.52
04-02-2020|9180.96
05-02-2020|9613.42
06-02-2020|9729.80
07-02-2020|9795.94
08-02-2020|9865.12
09-02-2020|10116.67
10-02-2020|9856.61
11-02-2020|10208.24
12-02-2020|10326.05
13-02-2020|10214.38
14-02-2020|10312.12
15-02-2020|9889.42
16-02-2020|9934.43
17-02-2020|9690.14
18-02-2020|10142.00
19-02-2020|9633.39
20-02-2020|9608.48
21-02-2020|9686.44
22-02-2020|9663.18
23-02-2020|9924.52
24-02-2020|9650.17
25-02-2020|9341.71
26-02-2020|8820.52
27-02-2020|8784.49
28-02-2020|8672.46
29-02-2020|8599.51
01-03-2020|8562.45
02-03-2020|8869.67
03-03-2020|8787.79
04-03-2020|8755.25
05-03-2020|9078.76
06-03-2020|9122.55
07-03-2020|8909.95
08-03-2020|8108.12
09-03-2020|7923.64
10-03-2020|7909.73
11-03-2020|7911.43
12-03-2020|4970.79
13-03-2020|5563.71
14-03-2020|5200.37
15-03-2020|5392.31
16-03-2020|5014.48
17-03-2020|5225.63
18-03-2020|5238.44
19-03-2020|6191.19
20-03-2020|6198.78
21-03-2020|6185.07
22-03-2020|5830.25
23-03-2020|6416.31
24-03-2020|6734.80
25-03-2020|6681.06
26-03-2020|6716.44
27-03-2020|6469.80
28-03-2020|6242.19
29-03-2020|5922.04
30-03-2020|6429.84
31-03-2020|6438.64
01-04-2020|6606.78
02-04-2020|6793.62
03-04-2020|6733.39
04-04-2020|6867.53
05-04-2020|6791.13
06-04-2020|7271.78
07-04-2020|7176.41
08-04-2020|7334.10
09-04-2020|7302.09
10-04-2020|6865.49
11-04-2020|6859.08
12-04-2020|6971.09
13-04-2020|6845.04
14-04-2020|6842.43
15-04-2020|6642.11
16-04-2020|7116.80
17-04-2020|7096.18
18-04-2020|7257.66
19-04-2020|7189.42
20-04-2020|6881.96
21-04-2020|6880.32
22-04-2020|7117.21
23-04-2020|7429.72
24-04-2020|7550.90
25-04-2020|7569.94
26-04-2020|7679.87
27-04-2020|7795.60
28-04-2020|7807.06
29-04-2020|8801.04
30-04-2020|8658.55
01-05-2020|8864.77
02-05-2020|8988.60
03-05-2020|8897.47
04-05-2020|8912.65
05-05-2020|9003.07
06-05-2020|9268.76
07-05-2020|9951.52
08-05-2020|9842.67
09-05-2020|9593.90
10-05-2020|8756.43
11-05-2020|8601.80
12-05-2020|8804.48
13-05-2020|9269.99
14-05-2020|9733.72
15-05-2020|9328.20
16-05-2020|9377.01
17-05-2020|9670.74
18-05-2020|9726.57
19-05-2020|9729.04
20-05-2020|9522.98
21-05-2020|9081.76
22-05-2020|9182.85
23-05-2020|9209.29
24-05-2020|8790.37
25-05-2020|8906.93
26-05-2020|8835.05
27-05-2020|9181.02
28-05-2020|9525.75
29-05-2020|9439.12
30-05-2020|9700.41
31-05-2020|9461.06
01-06-2020|10167.27
02-06-2020|9529.80
03-06-2020|9656.72
04-06-2020|9800.64
05-06-2020|9665.53
06-06-2020|9653.68
07-06-2020|9758.85
08-06-2020|9771.49
09-06-2020|9795.70
10-06-2020|9870.09
11-06-2020|9321.78
12-06-2020|9480.84
13-06-2020|9475.28
14-06-2020|9386.79
15-06-2020|9450.70
16-06-2020|9538.02
17-06-2020|9480.26
18-06-2020|9411.84
19-06-2020|9288.02
20-06-2020|9332.34
21-06-2020|9303.63
22-06-2020|9648.72
23-06-2020|9629.66
24-06-2020|9313.61
25-06-2020|9264.81
26-06-2020|9162.92
27-06-2020|9045.39
28-06-2020|9143.58
29-06-2020|9190.85
30-06-2020|9137.99
01-07-2020|9228.33
02-07-2020|9123.41
03-07-2020|9087.30
04-07-2020|9132.49
05-07-2020|9073.94
06-07-2020|9375.47
07-07-2020|9252.28
08-07-2020|9428.33
09-07-2020|9277.97
10-07-2020|9278.81
11-07-2020|9240.35
12-07-2020|9276.50
13-07-2020|9243.61
14-07-2020|9243.21
15-07-2020|9192.84
16-07-2020|9132.23
17-07-2020|9151.39
18-07-2020|9159.04
19-07-2020|9185.82
20-07-2020|9164.23
21-07-2020|9374.89
22-07-2020|9525.36
23-07-2020|9581.07
24-07-2020|9536.89
25-07-2020|9677.11
26-07-2020|9905.17
27-07-2020|10990.87
28-07-2020|10912.82
29-07-2020|11100.47
30-07-2020|11111.21
31-07-2020|11323.47
01-08-2020|11759.59
02-08-2020|11053.61
03-08-2020|11246.35
04-08-2020|11205.89
05-08-2020|11747.02
06-08-2020|11779.77
07-08-2020|11601.47
08-08-2020|11754.05
09-08-2020|11675.74
10-08-2020|11878.11
11-08-2020|11410.53
12-08-2020|11584.93
13-08-2020|11784.14
14-08-2020|11768.87
15-08-2020|11865.70
16-08-2020|11892.80
17-08-2020|12254.40
18-08-2020|11991.23
19-08-2020|11758.28
20-08-2020|11878.37
21-08-2020|11592.49
22-08-2020|11681.83
23-08-2020|11664.85
24-08-2020|11774.60
25-08-2020|11366.14
26-08-2020|11488.36
27-08-2020|11323.40
28-08-2020|11542.50
29-08-2020|11506.87
30-08-2020|11711.51
31-08-2020|11680.82
01-09-2020|11970.48
02-09-2020|11414.03
03-09-2020|10245.30
04-09-2020|10511.81
05-09-2020|10169.57
06-09-2020|10280.35
07-09-2020|10369.56
08-09-2020|10372.68
09-09-2020|10126.93
10-09-2020|10241.21
11-09-2020|10356.97
12-09-2020|10403.42
13-09-2020|10451.57
14-09-2020|10347.12
15-09-2020|10691.85
16-09-2020|10801.51
17-09-2020|10961.53
18-09-2020|10947.79
19-09-2020|10940.72
20-09-2020|11086.56
21-09-2020|10920.94
22-09-2020|10416.43
23-09-2020|10531.14
24-09-2020|10236.12
25-09-2020|10731.75
26-09-2020|10693.51
27-09-2020|10734.55
28-09-2020|10789.89
29-09-2020|10699.44
30-09-2020|10835.45
01-10-2020|10623.27
02-10-2020|10582.33
03-10-2020|10562.62
04-10-2020|10678.98
05-10-2020|10791.31
06-10-2020|10619.48
07-10-2020|10670.21
08-10-2020|10925.30
09-10-2020|11045.69
10-10-2020|11278.55
11-10-2020|11361.42
12-10-2020|11528.53
13-10-2020|11439.33
14-10-2020|11427.80
15-10-2020|11505.85
16-10-2020|11335.64
17-10-2020|11372.18
18-10-2020|11521.74
19-10-2020|11761.22
20-10-2020|11913.73
21-10-2020|12789.25
22-10-2020|12982.86
23-10-2020|12932.28
24-10-2020|13114.56
25-10-2020|13038.51
26-10-2020|13066.25
27-10-2020|13703.38
28-10-2020|13279.48
29-10-2020|13471.16
30-10-2020|13579.45
31-10-2020|13812.09
01-11-2020|13784.51
02-11-2020|13573.05
03-11-2020|14011.93
04-11-2020|14158.78
05-11-2020|15614.19
06-11-2020|15598.89
07-11-2020|14819.53
08-11-2020|15467.55
09-11-2020|15352.34
10-11-2020|15310.70
11-11-2020|15693.56
12-11-2020|16296.28
13-11-2020|16326.91
14-11-2020|16078.90
15-11-2020|15961.27
16-11-2020|16702.55
17-11-2020|17675.80
18-11-2020|17796.75
19-11-2020|17806.33
20-11-2020|18675.87
21-11-2020|18714.77
22-11-2020|18423.08
23-11-2020|18408.54
24-11-2020|19112.08
25-11-2020|18708.92
26-11-2020|17161.68
27-11-2020|17136.39
28-11-2020|17725.80
29-11-2020|18182.70
30-11-2020|19688.46
01-12-2020|18746.69
02-12-2020|19204.09
03-12-2020|19439.06
04-12-2020|18685.36
05-12-2020|19177.47
06-12-2020|19392.55
07-12-2020|19181.30
08-12-2020|18321.12
09-12-2020|18570.36
10-12-2020|18242.77
11-12-2020|18038.15
12-12-2020|18815.05
13-12-2020|19140.45
14-12-2020|19282.06
15-12-2020|19423.79
16-12-2020|21349.51
17-12-2020|22799.25
18-12-2020|23124.99
19-12-2020|23830.71
20-12-2020|23494.29
21-12-2020|22710.52
22-12-2020|23841.82
23-12-2020|23221.94
24-12-2020|23728.73
25-12-2020|24682.67
26-12-2020|26463.32
27-12-2020|26198.51
28-12-2020|27047.67
29-12-2020|27357.92
30-12-2020|28853.79
31-12-2020|28968.31
01-01-2021|29386.28
02-01-2021|32127.26
03-01-2021|32862.32
04-01-2021|32039.21
05-01-2021|33978.08
06-01-2021|36842.21
07-01-2021|39483.14
08-01-2021|40640.47
09-01-2021|40174.11
10-01-2021|38156.34
11-01-2021|35446.72
12-01-2021|33996.28
13-01-2021|37371.57
14-01-2021|39091.95
15-01-2021|36800.13
16-01-2021|36040.02
17-01-2021|35840.97
18-01-2021|36615.44
19-01-2021|35898.50
20-01-2021|35487.29
21-01-2021|30826.81
22-01-2021|32980.09
23-01-2021|32095.55
24-01-2021|32275.30
25-01-2021|32270.57
26-01-2021|32492.34
27-01-2021|30436.63
28-01-2021|33431.94
29-01-2021|34264.51
30-01-2021|34300.72
31-01-2021|33133.66
01-02-2021|33509.41
02-02-2021|35495.43
03-02-2021|37635.61
04-02-2021|36999.23
05-02-2021|38256.65
06-02-2021|39218.47
07-02-2021|38809.04
08-02-2021|46419.77
09-02-2021|46507.00
10-02-2021|44853.25
11-02-2021|48019.40
12-02-2021|47403.65
13-02-2021|47231.30
14-02-2021|48655.69
15-02-2021|47958.12
16-02-2021|49211.98
17-02-2021|52176.52
18-02-2021|51627.45
19-02-2021|56010.58
20-02-2021|55999.70
21-02-2021|57550.38
22-02-2021|54112.60
23-02-2021|48915.15
24-02-2021|49725.06
25-02-2021|47157.23
26-02-2021|46404.27
27-02-2021|46257.37
28-02-2021|45251.18
01-03-2021|49659.07
02-03-2021|48440.10
03-03-2021|50416.21
04-03-2021|48471.03
05-03-2021|48767.18
06-03-2021|48896.41
07-03-2021|50965.96
08-03-2021|52376.56
09-03-2021|54823.09
10-03-2021|55840.26
11-03-2021|57822.03
12-03-2021|57197.18
13-03-2021|61123.27
14-03-2021|58977.04
15-03-2021|55643.57
16-03-2021|56927.90
17-03-2021|58878.64
18-03-2021|57613.74
19-03-2021|58109.39
20-03-2021|58101.34
21-03-2021|57393.98
22-03-2021|55643.574625776804
23-03-2021|54396.21874594914
24-03-2021|52308.68648015119
25-03-2021|51344.89018904812
26-03-2021|55064.30570422576
27-03-2021|55830.18682334835
28-03-2021|55782.99527107218