Date|BTC Issuance|BTC Blocks
09-01-2009|950|19
10-01-2009|3050|61
11-01-2009|4650|93
12-01-2009|4700|94
13-01-2009|6150|123
14-01-2009|6450|129
15-01-2009|6300|126
16-01-2009|5400|108
17-01-2009|5450|109
18-01-2009|5350|107
19-01-2009|5750|115
20-01-2009|5700|114
21-01-2009|5100|102
22-01-2009|4550|91
23-01-2009|4200|84
24-01-2009|10050|201
25-01-2009|9550|191
26-01-2009|4800|96
27-01-2009|4850|97
28-01-2009|5600|112
29-01-2009|6050|121
30-01-2009|5850|117
31-01-2009|6900|138
01-02-2009|5650|113
02-02-2009|6400|128
03-02-2009|6950|139
04-02-2009|5950|119
05-02-2009|6300|126
06-02-2009|6100|122
07-02-2009|6450|129
08-02-2009|6600|132
09-02-2009|6700|134
10-02-2009|6000|120
11-02-2009|6650|133
12-02-2009|5950|119
13-02-2009|6200|124
14-02-2009|6800|136
15-02-2009|6400|128
16-02-2009|6100|122
17-02-2009|5850|117
18-02-2009|5900|118
19-02-2009|6200|124
20-02-2009|6100|122
21-02-2009|5700|114
22-02-2009|6050|121
23-02-2009|5400|108
24-02-2009|5300|106
25-02-2009|5250|105
26-02-2009|5350|107
27-02-2009|5750|115
28-02-2009|4950|99
01-03-2009|5250|105
02-03-2009|5400|108
03-03-2009|5250|105
04-03-2009|5200|104
05-03-2009|5600|112
06-03-2009|5850|117
07-03-2009|5450|109
08-03-2009|5750|115
09-03-2009|5400|108
10-03-2009|5350|107
11-03-2009|5700|114
12-03-2009|5900|118
13-03-2009|5650|113
14-03-2009|5500|110
15-03-2009|6150|123
16-03-2009|6050|121
17-03-2009|5700|114
18-03-2009|5700|114
19-03-2009|6100|122
20-03-2009|5900|118
21-03-2009|2500|50
22-03-2009|5950|119
23-03-2009|6500|130
24-03-2009|5250|105
25-03-2009|5850|117
26-03-2009|5850|117
27-03-2009|5300|106
28-03-2009|5950|119
29-03-2009|5800|116
30-03-2009|6000|120
31-03-2009|5500|110
01-04-2009|5700|114
02-04-2009|5750|115
03-04-2009|5800|116
04-04-2009|5650|113
05-04-2009|6500|130
06-04-2009|5450|109
07-04-2009|5000|100
08-04-2009|5250|105
09-04-2009|4950|99
10-04-2009|5400|108
11-04-2009|6000|120
12-04-2009|5900|118
13-04-2009|5750|115
14-04-2009|6200|124
15-04-2009|5650|113
16-04-2009|6150|123
17-04-2009|5600|112
18-04-2009|6300|126
19-04-2009|5950|119
20-04-2009|5950|119
21-04-2009|6150|123
22-04-2009|6050|121
23-04-2009|3750|75
24-04-2009|5750|115
25-04-2009|5900|118
26-04-2009|5600|112
27-04-2009|5200|104
28-04-2009|5850|117
29-04-2009|6400|128
30-04-2009|6550|131
01-05-2009|6050|121
02-05-2009|6300|126
03-05-2009|5300|106
04-05-2009|6400|128
05-05-2009|6750|135
06-05-2009|6750|135
07-05-2009|6100|122
08-05-2009|5350|107
09-05-2009|3900|78
10-05-2009|4250|85
11-05-2009|6000|120
12-05-2009|6500|130
13-05-2009|5550|111
14-05-2009|6950|139
15-05-2009|6800|136
16-05-2009|5950|119
17-05-2009|6350|127
18-05-2009|5900|118
19-05-2009|4300|86
20-05-2009|6000|120
21-05-2009|4100|82
22-05-2009|3050|61
23-05-2009|1600|32
24-05-2009|5000|100
25-05-2009|5450|109
26-05-2009|6250|125
27-05-2009|5950|119
28-05-2009|4750|95
29-05-2009|5300|106
30-05-2009|5450|109
31-05-2009|4800|96
01-06-2009|3550|71
02-06-2009|5550|111
03-06-2009|3550|71
04-06-2009|3300|66
05-06-2009|1500|30
06-06-2009|1400|28
07-06-2009|800|16
08-06-2009|4100|82
09-06-2009|4550|91
10-06-2009|4100|82
11-06-2009|4450|89
12-06-2009|4300|86
13-06-2009|3900|78
14-06-2009|3600|72
15-06-2009|4200|84
16-06-2009|3550|71
17-06-2009|3950|79
18-06-2009|4000|80
19-06-2009|4350|87
20-06-2009|3900|78
21-06-2009|4050|81
22-06-2009|3800|76
23-06-2009|3800|76
24-06-2009|4750|95
25-06-2009|3400|68
26-06-2009|4500|90
27-06-2009|4200|84
28-06-2009|2300|46
29-06-2009|4150|83
30-06-2009|4250|85
01-07-2009|3700|74
02-07-2009|4150|83
03-07-2009|4100|82
04-07-2009|4450|89
05-07-2009|3950|79
06-07-2009|4200|84
07-07-2009|3450|69
08-07-2009|3700|74
09-07-2009|4300|86
10-07-2009|4050|81
11-07-2009|4150|83
12-07-2009|3850|77
13-07-2009|3900|78
14-07-2009|3450|69
15-07-2009|2250|45
16-07-2009|3550|71
17-07-2009|2350|47
18-07-2009|200|4
19-07-2009|3500|70
20-07-2009|3500|70
21-07-2009|4100|82
22-07-2009|3000|60
23-07-2009|3800|76
24-07-2009|3650|73
25-07-2009|1600|32
26-07-2009|1050|21
27-07-2009|3700|74
28-07-2009|2050|41
29-07-2009|950|19
30-07-2009|750|15
31-07-2009|850|17
01-08-2009|1400|28
02-08-2009|1150|23
03-08-2009|600|12
04-08-2009|4050|81
05-08-2009|4350|87
06-08-2009|4500|90
07-08-2009|4000|80
08-08-2009|4000|80
09-08-2009|5050|101
10-08-2009|3750|75
11-08-2009|3500|70
12-08-2009|3150|63
13-08-2009|4250|85
14-08-2009|3150|63
15-08-2009|1300|26
16-08-2009|950|19
17-08-2009|850|17
18-08-2009|500|10
19-08-2009|900|18
20-08-2009|1100|22
21-08-2009|700|14
22-08-2009|350|7
23-08-2009|750|15
24-08-2009|750|15
25-08-2009|2500|50
26-08-2009|2400|48
27-08-2009|1450|29
28-08-2009|3750|75
29-08-2009|3900|78
30-08-2009|4850|97
31-08-2009|4300|86
01-09-2009|3900|78
02-09-2009|3300|66
03-09-2009|3050|61
04-09-2009|3200|64
05-09-2009|3800|76
06-09-2009|3400|68
07-09-2009|3900|78
08-09-2009|3450|69
09-09-2009|2700|54
10-09-2009|3350|67
11-09-2009|3350|67
12-09-2009|3450|69
13-09-2009|3750|75
14-09-2009|3700|74
15-09-2009|2200|44
16-09-2009|3600|72
17-09-2009|4200|84
18-09-2009|3900|78
19-09-2009|3700|74
20-09-2009|3900|78
21-09-2009|3450|69
22-09-2009|1250|25
23-09-2009|1800|36
24-09-2009|4850|97
25-09-2009|4550|91
26-09-2009|5000|100
27-09-2009|4350|87
28-09-2009|4250|85
29-09-2009|4400|88
30-09-2009|4250|85
01-10-2009|4100|82
02-10-2009|3600|72
03-10-2009|2900|58
04-10-2009|2650|53
05-10-2009|2750|55
06-10-2009|2150|43
07-10-2009|3000|60
08-10-2009|3500|70
09-10-2009|3950|79
10-10-2009|3850|77
11-10-2009|3700|74
12-10-2009|2900|58
13-10-2009|2850|57
14-10-2009|3450|69
15-10-2009|3550|71
16-10-2009|3000|60
17-10-2009|2850|57
18-10-2009|3700|74
19-10-2009|5600|112
20-10-2009|4750|95
21-10-2009|4000|80
22-10-2009|4500|90
23-10-2009|4450|89
24-10-2009|3100|62
25-10-2009|3800|76
26-10-2009|3550|71
27-10-2009|3200|64
28-10-2009|3300|66
29-10-2009|2300|46
30-10-2009|3000|60
31-10-2009|2300|46
01-11-2009|1250|25
02-11-2009|1650|33
03-11-2009|3100|62
04-11-2009|3150|63
05-11-2009|2850|57
06-11-2009|3100|62
07-11-2009|3450|69
08-11-2009|3650|73
09-11-2009|3200|64
10-11-2009|3900|78
11-11-2009|3200|64
12-11-2009|3300|66
13-11-2009|4000|80
14-11-2009|3950|79
15-11-2009|4800|96
16-11-2009|4850|97
17-11-2009|4600|92
18-11-2009|3950|79
19-11-2009|3500|70
20-11-2009|4300|86
21-11-2009|3650|73
22-11-2009|5300|106
23-11-2009|4800|96
24-11-2009|4650|93
25-11-2009|4500|90
26-11-2009|4200|84
27-11-2009|3700|74
28-11-2009|3550|71
29-11-2009|3000|60
30-11-2009|3750|75
01-12-2009|3650|73
02-12-2009|4700|94
03-12-2009|4400|88
04-12-2009|1800|36
05-12-2009|3200|64
06-12-2009|5150|103
07-12-2009|5600|112
08-12-2009|5250|105
09-12-2009|4800|96
10-12-2009|5200|104
11-12-2009|5600|112
12-12-2009|5500|110
13-12-2009|5700|114
14-12-2009|5100|102
15-12-2009|5500|110
16-12-2009|6800|136
17-12-2009|8450|169
18-12-2009|11250|225
19-12-2009|9900|198
20-12-2009|8750|175
21-12-2009|8750|175
22-12-2009|8100|162
23-12-2009|7700|154
24-12-2009|7700|154
25-12-2009|7450|149
26-12-2009|8700|174
27-12-2009|8350|167
28-12-2009|6850|137
29-12-2009|8550|171
30-12-2009|7050|141
31-12-2009|6900|138
01-01-2010|6600|132
02-01-2010|6300|126
03-01-2010|9300|186
04-01-2010|9050|181
05-01-2010|9900|198
06-01-2010|8150|163
07-01-2010|7700|154
08-01-2010|7650|153
09-01-2010|7550|151
10-01-2010|9500|190
11-01-2010|7950|159
12-01-2010|7950|159
13-01-2010|8200|164
14-01-2010|7150|143
15-01-2010|7050|141
16-01-2010|6250|125
17-01-2010|6550|131
18-01-2010|6250|125
19-01-2010|6200|124
20-01-2010|7900|158
21-01-2010|8750|175
22-01-2010|6650|133
23-01-2010|8000|160
24-01-2010|7700|154
25-01-2010|10550|211
26-01-2010|9750|195
27-01-2010|8200|164
28-01-2010|8850|177
29-01-2010|9850|197
30-01-2010|10500|210
31-01-2010|8250|165
01-02-2010|9200|184
02-02-2010|7250|145
03-02-2010|13500|270
04-02-2010|11450|229
05-02-2010|11150|223
06-02-2010|9600|192
07-02-2010|10850|217
08-02-2010|10000|200
09-02-2010|10350|207
10-02-2010|8400|168
11-02-2010|8450|169
12-02-2010|9150|183
13-02-2010|11600|232
14-02-2010|10400|208
15-02-2010|8800|176
16-02-2010|9750|195
17-02-2010|11950|239
18-02-2010|10400|208
19-02-2010|9600|192
20-02-2010|10400|208
21-02-2010|11150|223
22-02-2010|13000|260
23-02-2010|12500|250
24-02-2010|8550|171
25-02-2010|7700|154
26-02-2010|8600|172
27-02-2010|8600|172
28-02-2010|7800|156
01-03-2010|9750|195
02-03-2010|9400|188
03-03-2010|7600|152
04-03-2010|9250|185
05-03-2010|8550|171
06-03-2010|8850|177
07-03-2010|8950|179
08-03-2010|6250|125
09-03-2010|7300|146
10-03-2010|8100|162
11-03-2010|6650|133
12-03-2010|6050|121
13-03-2010|7650|153
14-03-2010|6250|125
15-03-2010|6750|135
16-03-2010|6300|126
17-03-2010|6800|136
18-03-2010|7000|140
19-03-2010|7650|153
20-03-2010|9600|192
21-03-2010|9150|183
22-03-2010|8950|179
23-03-2010|10350|207
24-03-2010|8550|171
25-03-2010|9350|187
26-03-2010|9850|197
27-03-2010|8900|178
28-03-2010|9300|186
29-03-2010|9750|195
30-03-2010|10750|215
31-03-2010|10450|209
01-04-2010|8400|168
02-04-2010|7800|156
03-04-2010|8050|161
04-04-2010|8550|171
05-04-2010|7650|153
06-04-2010|7950|159
07-04-2010|9650|193
08-04-2010|9150|183
09-04-2010|9450|189
10-04-2010|13000|260
11-04-2010|11150|223
12-04-2010|10150|203
13-04-2010|9450|189
14-04-2010|9000|180
15-04-2010|10800|216
16-04-2010|10100|202
17-04-2010|11050|221
18-04-2010|12250|245
19-04-2010|11600|232
20-04-2010|10250|205
21-04-2010|10950|219
22-04-2010|7950|159
23-04-2010|7500|150
24-04-2010|8400|168
25-04-2010|7900|158
26-04-2010|8200|164
27-04-2010|9000|180
28-04-2010|9000|180
29-04-2010|7350|147
30-04-2010|7200|144
01-05-2010|9150|183
02-05-2010|7750|155
03-05-2010|7950|159
04-05-2010|6800|136
05-05-2010|6850|137
06-05-2010|7450|149
07-05-2010|6600|132
08-05-2010|7700|154
09-05-2010|7150|143
10-05-2010|6400|128
11-05-2010|5550|111
12-05-2010|6350|127
13-05-2010|6400|128
14-05-2010|6150|123
15-05-2010|4550|91
16-05-2010|5650|113
17-05-2010|7150|143
18-05-2010|8400|168
19-05-2010|8200|164
20-05-2010|10150|203
21-05-2010|8800|176
22-05-2010|9750|195
23-05-2010|10550|211
24-05-2010|9400|188
25-05-2010|10500|210
26-05-2010|11150|223
27-05-2010|9600|192
28-05-2010|11150|223
29-05-2010|9200|184
30-05-2010|7450|149
31-05-2010|7100|142
01-06-2010|6750|135
02-06-2010|7350|147
03-06-2010|7600|152
04-06-2010|6250|125
05-06-2010|7250|145
06-06-2010|7400|148
07-06-2010|7850|157
08-06-2010|8000|160
09-06-2010|8400|168
10-06-2010|8000|160
11-06-2010|8400|168
12-06-2010|6750|135
13-06-2010|8600|172
14-06-2010|8050|161
15-06-2010|9200|184
16-06-2010|7100|142
17-06-2010|7300|146
18-06-2010|7500|150
19-06-2010|7500|150
20-06-2010|9250|185
21-06-2010|7700|154
22-06-2010|7800|156
23-06-2010|9350|187
24-06-2010|8450|169
25-06-2010|7500|150
26-06-2010|7950|159
27-06-2010|8900|178
28-06-2010|7600|152
29-06-2010|8450|169
30-06-2010|9100|182
01-07-2010|10550|211
02-07-2010|8350|167
03-07-2010|10600|212
04-07-2010|8300|166
05-07-2010|8950|179
06-07-2010|8450|169
07-07-2010|7800|156
08-07-2010|7550|151
09-07-2010|9950|199
10-07-2010|9900|198
11-07-2010|8950|179
12-07-2010|32950|659
13-07-2010|34600|692
14-07-2010|28900|578
15-07-2010|31200|624
16-07-2010|25250|505
17-07-2010|8650|173
18-07-2010|8600|172
19-07-2010|8700|174
20-07-2010|9050|181
21-07-2010|10350|207
22-07-2010|8800|176
23-07-2010|9700|194
24-07-2010|9450|189
25-07-2010|11550|231
26-07-2010|12150|243
27-07-2010|8300|166
28-07-2010|7950|159
29-07-2010|9000|180
30-07-2010|9100|182
31-07-2010|10150|203
01-08-2010|11950|239
02-08-2010|12100|242
03-08-2010|11350|227
04-08-2010|12150|243
05-08-2010|10900|218
06-08-2010|7350|147
07-08-2010|7750|155
08-08-2010|9950|199
09-08-2010|9500|190
10-08-2010|9550|191
11-08-2010|11650|233
12-08-2010|10850|217
13-08-2010|10750|215
14-08-2010|14050|281
15-08-2010|10350|207
16-08-2010|7350|147
17-08-2010|6450|129
18-08-2010|6650|133
19-08-2010|6750|135
20-08-2010|9650|193
21-08-2010|8650|173
22-08-2010|10600|212
23-08-2010|10650|213
24-08-2010|10750|215
25-08-2010|10800|216
26-08-2010|10500|210
27-08-2010|8550|171
28-08-2010|8500|170
29-08-2010|8100|162
30-08-2010|7450|149
31-08-2010|9200|184
01-09-2010|7850|157
02-09-2010|7800|156
03-09-2010|8200|164
04-09-2010|9050|181
05-09-2010|8250|165
06-09-2010|7900|158
07-09-2010|8000|160
08-09-2010|8250|165
09-09-2010|6750|135
10-09-2010|8850|177
11-09-2010|8000|160
12-09-2010|8850|177
13-09-2010|8550|171
14-09-2010|10150|203
15-09-2010|8450|169
16-09-2010|10950|219
17-09-2010|10400|208
18-09-2010|11850|237
19-09-2010|10450|209
20-09-2010|10150|203
21-09-2010|8600|172
22-09-2010|8700|174
23-09-2010|11700|234
24-09-2010|11400|228
25-09-2010|10350|207
26-09-2010|10250|205
27-09-2010|11450|229
28-09-2010|10600|212
29-09-2010|8200|164
30-09-2010|7300|146
01-10-2010|7700|154
02-10-2010|5000|100
03-10-2010|6100|122
04-10-2010|7650|153
05-10-2010|6300|126
06-10-2010|8550|171
07-10-2010|8000|160
08-10-2010|7700|154
09-10-2010|7900|158
10-10-2010|8900|178
11-10-2010|7950|159
12-10-2010|7750|155
13-10-2010|8800|176
14-10-2010|10250|205
15-10-2010|8850|177
16-10-2010|12900|258
17-10-2010|13500|270
18-10-2010|12450|249
19-10-2010|12800|256
20-10-2010|13200|264
21-10-2010|9300|186
22-10-2010|7700|154
23-10-2010|8750|175
24-10-2010|10250|205
25-10-2010|10150|203
26-10-2010|12050|241
27-10-2010|10650|213
28-10-2010|10950|219
29-10-2010|11150|223
30-10-2010|12600|252
31-10-2010|8950|179
01-11-2010|8850|177
02-11-2010|8800|176
03-11-2010|9500|190
04-11-2010|10050|201
05-11-2010|10950|219
06-11-2010|10900|218
07-11-2010|12050|241
08-11-2010|13750|275
09-11-2010|10850|217
10-11-2010|10150|203
11-11-2010|10950|219
12-11-2010|8450|169
13-11-2010|11150|223
14-11-2010|12800|256
15-11-2010|10000|200
16-11-2010|9850|197
17-11-2010|12350|247
18-11-2010|12850|257
19-11-2010|7500|150
20-11-2010|5800|116
21-11-2010|7000|140
22-11-2010|8150|163
23-11-2010|7000|140
24-11-2010|8850|177
25-11-2010|9050|181
26-11-2010|9700|194
27-11-2010|9000|180
28-11-2010|8600|172
29-11-2010|10450|209
30-11-2010|10100|202
01-12-2010|9400|188
02-12-2010|9400|188
03-12-2010|9450|189
04-12-2010|11450|229
05-12-2010|11950|239
06-12-2010|12050|241
07-12-2010|11950|239
08-12-2010|11900|238
09-12-2010|11150|223
10-12-2010|7350|147
11-12-2010|8750|175
12-12-2010|8550|171
13-12-2010|7050|141
14-12-2010|8550|171
15-12-2010|9800|196
16-12-2010|8650|173
17-12-2010|8300|166
18-12-2010|8050|161
19-12-2010|9200|184
20-12-2010|7950|159
21-12-2010|9800|196
22-12-2010|7850|157
23-12-2010|7250|145
24-12-2010|7400|148
25-12-2010|8400|168
26-12-2010|7250|145
27-12-2010|8300|166
28-12-2010|8450|169
29-12-2010|8250|165
30-12-2010|8450|169
31-12-2010|8100|162
01-01-2011|9050|181
02-01-2011|8750|175
03-01-2011|7800|156
04-01-2011|7050|141
05-01-2011|7700|154
06-01-2011|7050|141
07-01-2011|8200|164
08-01-2011|8500|170
09-01-2011|8150|163
10-01-2011|8100|162
11-01-2011|8600|172
12-01-2011|8350|167
13-01-2011|9400|188
14-01-2011|9050|181
15-01-2011|7850|157
16-01-2011|8700|174
17-01-2011|9050|181
18-01-2011|7050|141
19-01-2011|8450|169
20-01-2011|9300|186
21-01-2011|8700|174
22-01-2011|8250|165
23-01-2011|8500|170
24-01-2011|9400|188
25-01-2011|7800|156
26-01-2011|9000|180
27-01-2011|8000|160
28-01-2011|7900|158
29-01-2011|8050|161
30-01-2011|7800|156
31-01-2011|8500|170
01-02-2011|8200|164
02-02-2011|7900|158
03-02-2011|8000|160
04-02-2011|9700|194
05-02-2011|8950|179
06-02-2011|8850|177
07-02-2011|10150|203
08-02-2011|8400|168
09-02-2011|9600|192
10-02-2011|9300|186
11-02-2011|9300|186
12-02-2011|9800|196
13-02-2011|9900|198
14-02-2011|9800|196
15-02-2011|11250|225
16-02-2011|11600|232
17-02-2011|11550|231
18-02-2011|10600|212
19-02-2011|8050|161
20-02-2011|9900|198
21-02-2011|9700|194
22-02-2011|10550|211
23-02-2011|12150|243
24-02-2011|10350|207
25-02-2011|11250|225
26-02-2011|13800|276
27-02-2011|12200|244
28-02-2011|7500|150
01-03-2011|6500|130
02-03-2011|8400|168
03-03-2011|9300|186
04-03-2011|11050|221
05-03-2011|13850|277
06-03-2011|13700|274
07-03-2011|10550|211
08-03-2011|9350|187
09-03-2011|8000|160
10-03-2011|5500|110
11-03-2011|6500|130
12-03-2011|7000|140
13-03-2011|5850|117
14-03-2011|5600|112
15-03-2011|5600|112
16-03-2011|6800|136
17-03-2011|7050|141
18-03-2011|6000|120
19-03-2011|5750|115
20-03-2011|6850|137
21-03-2011|7400|148
22-03-2011|5950|119
23-03-2011|7850|157
24-03-2011|7600|152
25-03-2011|8650|173
26-03-2011|6900|138
27-03-2011|7150|143
28-03-2011|8400|168
29-03-2011|8150|163
30-03-2011|7800|156
31-03-2011|10050|201
01-04-2011|8800|176
02-04-2011|9000|180
03-04-2011|8750|175
04-04-2011|8900|178
05-04-2011|9700|194
06-04-2011|7400|148
07-04-2011|7350|147
08-04-2011|8300|166
09-04-2011|7800|156
10-04-2011|8650|173
11-04-2011|8150|163
12-04-2011|8150|163
13-04-2011|9700|194
14-04-2011|8000|160
15-04-2011|6800|136
16-04-2011|8650|173
17-04-2011|9000|180
18-04-2011|7400|148
19-04-2011|7700|154
20-04-2011|7200|144
21-04-2011|7350|147
22-04-2011|8800|176
23-04-2011|8600|172
24-04-2011|8100|162
25-04-2011|9600|192
26-04-2011|9750|195
27-04-2011|9150|183
28-04-2011|8200|164
29-04-2011|10000|200
30-04-2011|9450|189
01-05-2011|8950|179
02-05-2011|9850|197
03-05-2011|9800|196
04-05-2011|9850|197
05-05-2011|10950|219
06-05-2011|10900|218
07-05-2011|10700|214
08-05-2011|10950|219
09-05-2011|11950|239
10-05-2011|9150|183
11-05-2011|9550|191
12-05-2011|8450|169
13-05-2011|10350|207
14-05-2011|12100|242
15-05-2011|11000|220
16-05-2011|12350|247
17-05-2011|12850|257
18-05-2011|14400|288
19-05-2011|8550|171
20-05-2011|11000|220
21-05-2011|11000|220
22-05-2011|12600|252
23-05-2011|14300|286
24-05-2011|14950|299
25-05-2011|15350|307
26-05-2011|14800|296
27-05-2011|8350|167
28-05-2011|7750|155
29-05-2011|9000|180
30-05-2011|7700|154
31-05-2011|7500|150
01-06-2011|9400|188
02-06-2011|9500|190
03-06-2011|10100|202
04-06-2011|11200|224
05-06-2011|10400|208
06-06-2011|11650|233
07-06-2011|8500|170
08-06-2011|9250|185
09-06-2011|11100|222
10-06-2011|11150|223
11-06-2011|12600|252
12-06-2011|11650|233
13-06-2011|11350|227
14-06-2011|12350|247
15-06-2011|13950|279
16-06-2011|9000|180
17-06-2011|9300|186
18-06-2011|9850|197
19-06-2011|11150|223
20-06-2011|11700|234
21-06-2011|12650|253
22-06-2011|13000|260
23-06-2011|12000|240
24-06-2011|10800|216
25-06-2011|7150|143
26-06-2011|7450|149
27-06-2011|8450|169
28-06-2011|8000|160
29-06-2011|8600|172
30-06-2011|9550|191
01-07-2011|8650|173
02-07-2011|8450|169
03-07-2011|8250|165
04-07-2011|8500|170
05-07-2011|6950|139
06-07-2011|7850|157
07-07-2011|6550|131
08-07-2011|8250|165
09-07-2011|7450|149
10-07-2011|6850|137
11-07-2011|7850|157
12-07-2011|7050|141
13-07-2011|9550|191
14-07-2011|7200|144
15-07-2011|8100|162
16-07-2011|7850|157
17-07-2011|8500|170
18-07-2011|8500|170
19-07-2011|7100|142
20-07-2011|7450|149
21-07-2011|7600|152
22-07-2011|7550|151
23-07-2011|7300|146
24-07-2011|8300|166
25-07-2011|8250|165
26-07-2011|8800|176
27-07-2011|8700|174
28-07-2011|7750|155
29-07-2011|8200|164
30-07-2011|7600|152
31-07-2011|8750|175
01-08-2011|8250|165
02-08-2011|7700|154
03-08-2011|7850|157
04-08-2011|6450|129
05-08-2011|7000|140
06-08-2011|6100|122
07-08-2011|6300|126
08-08-2011|6800|136
09-08-2011|7300|146
10-08-2011|7600|152
11-08-2011|6850|137
12-08-2011|6550|131
13-08-2011|6500|130
14-08-2011|6600|132
15-08-2011|6450|129
16-08-2011|7350|147
17-08-2011|6800|136
18-08-2011|7200|144
19-08-2011|6550|131
20-08-2011|7600|152
21-08-2011|8000|160
22-08-2011|8450|169
23-08-2011|7750|155
24-08-2011|6700|134
25-08-2011|6750|135
26-08-2011|7350|147
27-08-2011|6100|122
28-08-2011|5800|116
29-08-2011|6900|138
30-08-2011|7300|146
31-08-2011|7750|155
01-09-2011|6450|129
02-09-2011|7800|156
03-09-2011|7250|145
04-09-2011|6700|134
05-09-2011|7800|156
06-09-2011|7550|151
07-09-2011|6800|136
08-09-2011|6450|129
09-09-2011|7700|154
10-09-2011|6650|133
11-09-2011|6250|125
12-09-2011|6650|133
13-09-2011|7100|142
14-09-2011|7300|146
15-09-2011|7800|156
16-09-2011|5950|119
17-09-2011|6700|134
18-09-2011|7900|158
19-09-2011|6350|127
20-09-2011|7000|140
21-09-2011|7300|146
22-09-2011|7400|148
23-09-2011|6650|133
24-09-2011|6450|129
25-09-2011|6850|137
26-09-2011|6700|134
27-09-2011|6650|133
28-09-2011|7350|147
29-09-2011|6250|125
30-09-2011|6100|122
01-10-2011|7150|143
02-10-2011|6050|121
03-10-2011|7250|145
04-10-2011|5600|112
05-10-2011|7250|145
06-10-2011|6400|128
07-10-2011|6900|138
08-10-2011|5950|119
09-10-2011|6350|127
10-10-2011|6150|123
11-10-2011|4650|93
12-10-2011|6000|120
13-10-2011|4850|97
14-10-2011|6950|139
15-10-2011|6700|134
16-10-2011|5950|119
17-10-2011|5900|118
18-10-2011|6000|120
19-10-2011|6650|133
20-10-2011|5750|115
21-10-2011|6050|121
22-10-2011|4900|98
23-10-2011|5400|108
24-10-2011|6350|127
25-10-2011|6450|129
26-10-2011|5850|117
27-10-2011|5000|100
28-10-2011|5250|105
29-10-2011|5650|113
30-10-2011|5550|111
31-10-2011|6550|131
01-11-2011|7500|150
02-11-2011|7700|154
03-11-2011|6250|125
04-11-2011|7350|147
05-11-2011|7300|146
06-11-2011|7200|144
07-11-2011|6600|132
08-11-2011|7450|149
09-11-2011|8050|161
10-11-2011|7050|141
11-11-2011|5950|119
12-11-2011|7150|143
13-11-2011|7200|144
14-11-2011|7150|143
15-11-2011|8250|165
16-11-2011|6750|135
17-11-2011|6950|139
18-11-2011|6650|133
19-11-2011|6150|123
20-11-2011|7150|143
21-11-2011|5900|118
22-11-2011|7000|140
23-11-2011|6700|134
24-11-2011|5650|113
25-11-2011|6750|135
26-11-2011|6000|120
27-11-2011|5700|114
28-11-2011|6350|127
29-11-2011|6900|138
30-11-2011|8100|162
01-12-2011|9100|182
02-12-2011|7300|146
03-12-2011|7600|152
04-12-2011|6800|136
05-12-2011|7900|158
06-12-2011|8550|171
07-12-2011|6900|138
08-12-2011|8200|164
09-12-2011|7350|147
10-12-2011|7200|144
11-12-2011|7600|152
12-12-2011|6350|127
13-12-2011|6600|132
14-12-2011|7650|153
15-12-2011|5600|112
16-12-2011|5900|118
17-12-2011|7500|150
18-12-2011|7200|144
19-12-2011|7950|159
20-12-2011|6700|134
21-12-2011|7450|149
22-12-2011|7400|148
23-12-2011|7100|142
24-12-2011|7250|145
25-12-2011|8700|174
26-12-2011|8850|177
27-12-2011|7250|145
28-12-2011|7750|155
29-12-2011|6900|138
30-12-2011|7100|142
31-12-2011|7550|151
01-01-2012|7650|153
02-01-2012|7550|151
03-01-2012|7950|159
04-01-2012|7450|149
05-01-2012|7350|147
06-01-2012|8550|171
07-01-2012|9200|184
08-01-2012|8150|163
09-01-2012|8200|164
10-01-2012|7050|141
11-01-2012|7650|153
12-01-2012|7750|155
13-01-2012|7000|140
14-01-2012|7500|150
15-01-2012|6950|139
16-01-2012|8750|175
17-01-2012|7850|157
18-01-2012|6400|128
19-01-2012|7500|150
20-01-2012|7250|145
21-01-2012|8200|164
22-01-2012|6800|136
23-01-2012|8500|170
24-01-2012|6950|139
25-01-2012|7400|148
26-01-2012|6900|138
27-01-2012|7050|141
28-01-2012|7250|145
29-01-2012|8350|167
30-01-2012|8600|172
31-01-2012|7500|150
01-02-2012|7050|141
02-02-2012|7950|159
03-02-2012|7900|158
04-02-2012|7850|157
05-02-2012|7100|142
06-02-2012|7300|146
07-02-2012|6850|137
08-02-2012|7250|145
09-02-2012|7250|145
10-02-2012|6900|138
11-02-2012|7500|150
12-02-2012|7900|158
13-02-2012|6850|137
14-02-2012|6900|138
15-02-2012|6700|134
16-02-2012|6900|138
17-02-2012|7600|152
18-02-2012|8550|171
19-02-2012|7900|158
20-02-2012|7000|140
21-02-2012|6450|129
22-02-2012|7950|159
23-02-2012|8300|166
24-02-2012|7450|149
25-02-2012|8250|165
26-02-2012|7500|150
27-02-2012|7700|154
28-02-2012|8000|160
29-02-2012|8950|179
01-03-2012|7550|151
02-03-2012|6700|134
03-03-2012|5650|113
04-03-2012|6850|137
05-03-2012|7250|145
06-03-2012|6850|137
07-03-2012|7700|154
08-03-2012|7800|156
09-03-2012|8400|168
10-03-2012|8250|165
11-03-2012|6700|134
12-03-2012|8300|166
13-03-2012|8000|160
14-03-2012|6850|137
15-03-2012|6050|121
16-03-2012|7650|153
17-03-2012|8500|170
18-03-2012|8000|160
19-03-2012|7150|143
20-03-2012|8000|160
21-03-2012|7900|158
22-03-2012|7900|158
23-03-2012|6300|126
24-03-2012|9200|184
25-03-2012|7850|157
26-03-2012|7550|151
27-03-2012|7800|156
28-03-2012|7500|150
29-03-2012|7050|141
30-03-2012|7700|154
31-03-2012|8500|170
01-04-2012|7100|142
02-04-2012|5800|116
03-04-2012|6650|133
04-04-2012|6850|137
05-04-2012|5850|117
06-04-2012|6800|136
07-04-2012|6450|129
08-04-2012|7500|150
09-04-2012|7300|146
10-04-2012|7350|147
11-04-2012|7050|141
12-04-2012|6350|127
13-04-2012|6150|123
14-04-2012|6950|139
15-04-2012|5350|107
16-04-2012|7500|150
17-04-2012|6750|135
18-04-2012|6500|130
19-04-2012|7850|157
20-04-2012|7700|154
21-04-2012|7700|154
22-04-2012|7000|140
23-04-2012|6750|135
24-04-2012|6900|138
25-04-2012|6350|127
26-04-2012|7750|155
27-04-2012|6750|135
28-04-2012|7600|152
29-04-2012|8950|179
30-04-2012|8950|179
01-05-2012|8500|170
02-05-2012|7500|150
03-05-2012|7850|157
04-05-2012|8050|161
05-05-2012|8350|167
06-05-2012|8200|164
07-05-2012|8500|170
08-05-2012|8800|176
09-05-2012|8300|166
10-05-2012|6450|129
11-05-2012|7150|143
12-05-2012|6400|128
13-05-2012|7000|140
14-05-2012|6950|139
15-05-2012|6500|130
16-05-2012|6050|121
17-05-2012|5800|116
18-05-2012|7250|145
19-05-2012|7450|149
20-05-2012|6900|138
21-05-2012|6300|126
22-05-2012|5750|115
23-05-2012|6500|130
24-05-2012|6250|125
25-05-2012|6050|121
26-05-2012|7100|142
27-05-2012|7950|159
28-05-2012|7100|142
29-05-2012|6300|126
30-05-2012|6550|131
31-05-2012|6900|138
01-06-2012|7600|152
02-06-2012|8000|160
03-06-2012|7650|153
04-06-2012|7750|155
05-06-2012|7350|147
06-06-2012|7650|153
07-06-2012|6950|139
08-06-2012|7050|141
09-06-2012|8550|171
10-06-2012|8300|166
11-06-2012|7000|140
12-06-2012|7800|156
13-06-2012|7500|150
14-06-2012|7800|156
15-06-2012|7950|159
16-06-2012|7800|156
17-06-2012|8200|164
18-06-2012|8750|175
19-06-2012|7350|147
20-06-2012|7250|145
21-06-2012|6800|136
22-06-2012|6900|138
23-06-2012|8200|164
24-06-2012|6550|131
25-06-2012|7700|154
26-06-2012|7450|149
27-06-2012|8150|163
28-06-2012|6850|137
29-06-2012|7300|146
30-06-2012|6600|132
01-07-2012|7100|142
02-07-2012|7600|152
03-07-2012|8000|160
04-07-2012|7500|150
05-07-2012|7200|144
06-07-2012|7750|155
07-07-2012|8300|166
08-07-2012|7650|153
09-07-2012|8150|163
10-07-2012|7500|150
11-07-2012|6700|134
12-07-2012|7500|150
13-07-2012|8150|163
14-07-2012|8050|161
15-07-2012|7000|140
16-07-2012|7500|150
17-07-2012|8600|172
18-07-2012|7750|155
19-07-2012|6750|135
20-07-2012|7400|148
21-07-2012|7050|141
22-07-2012|7750|155
23-07-2012|7050|141
24-07-2012|8050|161
25-07-2012|8000|160
26-07-2012|8450|169
27-07-2012|8900|178
28-07-2012|7650|153
29-07-2012|8300|166
30-07-2012|8800|176
31-07-2012|6500|130
01-08-2012|6700|134
02-08-2012|8250|165
03-08-2012|8100|162
04-08-2012|7800|156
05-08-2012|6950|139
06-08-2012|7000|140
07-08-2012|8200|164
08-08-2012|8300|166
09-08-2012|8500|170
10-08-2012|7800|156
11-08-2012|8400|168
12-08-2012|7950|159
13-08-2012|8000|160
14-08-2012|7850|157
15-08-2012|8350|167
16-08-2012|7700|154
17-08-2012|6900|138
18-08-2012|7550|151
19-08-2012|9100|182
20-08-2012|8700|174
21-08-2012|8650|173
22-08-2012|7800|156
23-08-2012|8250|165
24-08-2012|7400|148
25-08-2012|6900|138
26-08-2012|8950|179
27-08-2012|7250|145
28-08-2012|7550|151
29-08-2012|8400|168
30-08-2012|7700|154
31-08-2012|7000|140
01-09-2012|8050|161
02-09-2012|8200|164
03-09-2012|7850|157
04-09-2012|7650|153
05-09-2012|9000|180
06-09-2012|8550|171
07-09-2012|8400|168
08-09-2012|7250|145
09-09-2012|7950|159
10-09-2012|7500|150
11-09-2012|7250|145
12-09-2012|7750|155
13-09-2012|6500|130
14-09-2012|8100|162
15-09-2012|7200|144
16-09-2012|8050|161
17-09-2012|8400|168
18-09-2012|8350|167
19-09-2012|7050|141
20-09-2012|7600|152
21-09-2012|8450|169
22-09-2012|7850|157
23-09-2012|7900|158
24-09-2012|7650|153
25-09-2012|6950|139
26-09-2012|7000|140
27-09-2012|8050|161
28-09-2012|7900|158
29-09-2012|8400|168
30-09-2012|7950|159
01-10-2012|6550|131
02-10-2012|7300|146
03-10-2012|6650|133
04-10-2012|6550|131
05-10-2012|6800|136
06-10-2012|7750|155
07-10-2012|6250|125
08-10-2012|8900|178
09-10-2012|7100|142
10-10-2012|7450|149
11-10-2012|6900|138
12-10-2012|7450|149
13-10-2012|7400|148
14-10-2012|6350|127
15-10-2012|8450|169
16-10-2012|7750|155
17-10-2012|7100|142
18-10-2012|7850|157
19-10-2012|6750|135
20-10-2012|7900|158
21-10-2012|8050|161
22-10-2012|7850|157
23-10-2012|6500|130
24-10-2012|8100|162
25-10-2012|7150|143
26-10-2012|8250|165
27-10-2012|8750|175
28-10-2012|8300|166
29-10-2012|7900|158
30-10-2012|7150|143
31-10-2012|7200|144
01-11-2012|6850|137
02-11-2012|7150|143
03-11-2012|7300|146
04-11-2012|7850|157
05-11-2012|8000|160
06-11-2012|6750|135
07-11-2012|7850|157
08-11-2012|7700|154
09-11-2012|7600|152
10-11-2012|7200|144
11-11-2012|7350|147
12-11-2012|6600|132
13-11-2012|7000|140
14-11-2012|7150|143
15-11-2012|6800|136
16-11-2012|7250|145
17-11-2012|7000|140
18-11-2012|7300|146
19-11-2012|7300|146
20-11-2012|7350|147
21-11-2012|7600|152
22-11-2012|7200|144
23-11-2012|8150|163
24-11-2012|7550|151
25-11-2012|7300|146
26-11-2012|7850|157
27-11-2012|7400|148
28-11-2012|7000|172
29-11-2012|4150|166
30-11-2012|3125|125
01-12-2012|4175|167
02-12-2012|3575|143
03-12-2012|3675|147
04-12-2012|2800|112
05-12-2012|3050|122
06-12-2012|3425|137
07-12-2012|3225|129
08-12-2012|3450|138
09-12-2012|3150|126
10-12-2012|3575|143
11-12-2012|3600|144
12-12-2012|3250|130
13-12-2012|3275|131
14-12-2012|2650|106
15-12-2012|2900|116
16-12-2012|2775|111
17-12-2012|3350|134
18-12-2012|3125|125
19-12-2012|3550|142
20-12-2012|2650|106
21-12-2012|3150|126
22-12-2012|3825|153
23-12-2012|3050|122
24-12-2012|3300|132
25-12-2012|3100|124
26-12-2012|3850|154
27-12-2012|3900|156
28-12-2012|4225|169
29-12-2012|3600|144
30-12-2012|4150|166
31-12-2012|3950|158
01-01-2013|4050|162
02-01-2013|3825|153
03-01-2013|4050|162
04-01-2013|3825|153
05-01-2013|3525|141
06-01-2013|3625|145
07-01-2013|4200|168
08-01-2013|3325|133
09-01-2013|3250|130
10-01-2013|3675|147
11-01-2013|2925|117
12-01-2013|3050|122
13-01-2013|3325|133
14-01-2013|3925|157
15-01-2013|3025|121
16-01-2013|3275|131
17-01-2013|2775|111
18-01-2013|3025|121
19-01-2013|3850|154
20-01-2013|3250|130
21-01-2013|3300|132
22-01-2013|3600|144
23-01-2013|3150|126
24-01-2013|3900|156
25-01-2013|3425|137
26-01-2013|3900|156
27-01-2013|3775|151
28-01-2013|3675|147
29-01-2013|3950|158
30-01-2013|3825|153
31-01-2013|4825|193
01-02-2013|3675|147
02-02-2013|3825|153
03-02-2013|4650|186
04-02-2013|4100|164
05-02-2013|4175|167
06-02-2013|3650|146
07-02-2013|3850|154
08-02-2013|3775|151
09-02-2013|3575|143
10-02-2013|4025|161
11-02-2013|3975|159
12-02-2013|3475|139
13-02-2013|4275|171
14-02-2013|3775|151
15-02-2013|4475|179
16-02-2013|4725|189
17-02-2013|4700|188
18-02-2013|4025|161
19-02-2013|3975|159
20-02-2013|4825|193
21-02-2013|4400|176
22-02-2013|4250|170
23-02-2013|4100|164
24-02-2013|3900|156
25-02-2013|5100|204
26-02-2013|4150|166
27-02-2013|4825|193
28-02-2013|4200|168
01-03-2013|3800|152
02-03-2013|3625|145
03-03-2013|4025|161
04-03-2013|4475|179
05-03-2013|3475|139
06-03-2013|3875|155
07-03-2013|4000|160
08-03-2013|4000|160
09-03-2013|4225|169
10-03-2013|4575|183
11-03-2013|4100|164
12-03-2013|3375|135
13-03-2013|3925|157
14-03-2013|4475|179
15-03-2013|4300|172
16-03-2013|4375|175
17-03-2013|5225|209
18-03-2013|4750|190
19-03-2013|4250|170
20-03-2013|5275|211
21-03-2013|5450|218
22-03-2013|5725|229
23-03-2013|5425|217
24-03-2013|4725|189
25-03-2013|3600|144
26-03-2013|3775|151
27-03-2013|3275|131
28-03-2013|4575|183
29-03-2013|4350|174
30-03-2013|4325|173
31-03-2013|4225|169
01-04-2013|4950|198
02-04-2013|4525|181
03-04-2013|4375|175
04-04-2013|3850|154
05-04-2013|3950|158
06-04-2013|4075|163
07-04-2013|4100|164
08-04-2013|3875|155
09-04-2013|4400|176
10-04-2013|4775|191
11-04-2013|4000|160
12-04-2013|4325|173
13-04-2013|4175|167
14-04-2013|3825|153
15-04-2013|4100|164
16-04-2013|4425|177
17-04-2013|4275|171
18-04-2013|3675|147
19-04-2013|3425|137
20-04-2013|3850|154
21-04-2013|4400|176
22-04-2013|3825|153
23-04-2013|4200|168
24-04-2013|4050|162
25-04-2013|4300|172
26-04-2013|4275|171
27-04-2013|3675|147
28-04-2013|4425|177
29-04-2013|4350|174
30-04-2013|3725|149
01-05-2013|3775|151
02-05-2013|3350|134
03-05-2013|3425|137
04-05-2013|3975|159
05-05-2013|4125|165
06-05-2013|4150|166
07-05-2013|4200|168
08-05-2013|4125|165
09-05-2013|4100|164
10-05-2013|4300|172
11-05-2013|4550|182
12-05-2013|4200|168
13-05-2013|4350|174
14-05-2013|3850|154
15-05-2013|3525|141
16-05-2013|3700|148
17-05-2013|4025|161
18-05-2013|3725|149
19-05-2013|3900|156
20-05-2013|3225|129
21-05-2013|3775|151
22-05-2013|3900|156
23-05-2013|4350|174
24-05-2013|4225|169
25-05-2013|4125|165
26-05-2013|4075|163
27-05-2013|4400|176
28-05-2013|3950|158
29-05-2013|4200|168
30-05-2013|4475|179
31-05-2013|4375|175
01-06-2013|5325|213
02-06-2013|4975|199
03-06-2013|5325|213
04-06-2013|5325|213
05-06-2013|4600|184
06-06-2013|4525|181
07-06-2013|4025|161
08-06-2013|4525|181
09-06-2013|3975|159
10-06-2013|4350|174
11-06-2013|4500|180
12-06-2013|5075|203
13-06-2013|4650|186
14-06-2013|4500|180
15-06-2013|4325|173
16-06-2013|4625|185
17-06-2013|3625|145
18-06-2013|3500|140
19-06-2013|3400|136
20-06-2013|3850|154
21-06-2013|4200|168
22-06-2013|4400|176
23-06-2013|4125|165
24-06-2013|3750|150
25-06-2013|3925|157
26-06-2013|4350|174
27-06-2013|4175|167
28-06-2013|4225|169
29-06-2013|4225|169
30-06-2013|3825|153
01-07-2013|3925|157
02-07-2013|3825|153
03-07-2013|4600|184
04-07-2013|4125|165
05-07-2013|4650|186
06-07-2013|4675|187
07-07-2013|4650|186
08-07-2013|4800|192
09-07-2013|4625|185
10-07-2013|4875|195
11-07-2013|4350|174
12-07-2013|3850|154
13-07-2013|3925|157
14-07-2013|4300|172
15-07-2013|4100|164
16-07-2013|4100|164
17-07-2013|4600|184
18-07-2013|4025|161
19-07-2013|4275|171
20-07-2013|4650|186
21-07-2013|4975|199
22-07-2013|4125|165
23-07-2013|3525|141
24-07-2013|3975|159
25-07-2013|3650|146
26-07-2013|4100|164
27-07-2013|4525|181
28-07-2013|4200|168
29-07-2013|4450|178
30-07-2013|4925|197
31-07-2013|4750|190
01-08-2013|4425|177
02-08-2013|4800|192
03-08-2013|4250|170
04-08-2013|4475|179
05-08-2013|4725|189
06-08-2013|4750|190
07-08-2013|4650|186
08-08-2013|5125|205
09-08-2013|4875|195
10-08-2013|5250|210
11-08-2013|5400|216
12-08-2013|5400|216
13-08-2013|4575|183
14-08-2013|4200|168
15-08-2013|4250|170
16-08-2013|4200|168
17-08-2013|4750|190
18-08-2013|4850|194
19-08-2013|4425|177
20-08-2013|4750|190
21-08-2013|4900|196
22-08-2013|5400|216
23-08-2013|4900|196
24-08-2013|4575|183
25-08-2013|3775|151
26-08-2013|4150|166
27-08-2013|4225|169
28-08-2013|4450|178
29-08-2013|4725|189
30-08-2013|5125|205
31-08-2013|5575|223
01-09-2013|5525|221
02-09-2013|5375|215
03-09-2013|4850|194
04-09-2013|4075|163
05-09-2013|4475|179
06-09-2013|4625|185
07-09-2013|3625|145
08-09-2013|3925|157
09-09-2013|5075|203
10-09-2013|4775|191
11-09-2013|5000|200
12-09-2013|5325|213
13-09-2013|5100|204
14-09-2013|5450|218
15-09-2013|4525|181
16-09-2013|3850|154
17-09-2013|4475|179
18-09-2013|4125|165
19-09-2013|4750|190
20-09-2013|5000|200
21-09-2013|4725|189
22-09-2013|5075|203
23-09-2013|5250|210
24-09-2013|5300|212
25-09-2013|5150|206
26-09-2013|4050|162
27-09-2013|4450|178
28-09-2013|4425|177
29-09-2013|4250|170
30-09-2013|4075|163
01-10-2013|4675|187
02-10-2013|4775|191
03-10-2013|4975|199
04-10-2013|4500|180
05-10-2013|5475|219
06-10-2013|4625|185
07-10-2013|3900|156
08-10-2013|4050|162
09-10-2013|4450|178
10-10-2013|4800|192
11-10-2013|4625|185
12-10-2013|5350|214
13-10-2013|5525|221
14-10-2013|6250|250
15-10-2013|6500|260
16-10-2013|5250|210
17-10-2013|4175|167
18-10-2013|4800|192
19-10-2013|5575|223
20-10-2013|4975|199
21-10-2013|5275|211
22-10-2013|6125|245
23-10-2013|5525|221
24-10-2013|5375|215
25-10-2013|5875|235
26-10-2013|4550|182
27-10-2013|4475|179
28-10-2013|4375|175
29-10-2013|4000|160
30-10-2013|4875|195
31-10-2013|5275|211
01-11-2013|5200|208
02-11-2013|5050|202
03-11-2013|4800|192
04-11-2013|4875|195
05-11-2013|4350|174
06-11-2013|4075|163
07-11-2013|3600|144
08-11-2013|3350|134
09-11-2013|3700|148
10-11-2013|4275|171
11-11-2013|4675|187
12-11-2013|5025|201
13-11-2013|4200|168
14-11-2013|4575|183
15-11-2013|4150|166
16-11-2013|4850|194
17-11-2013|4650|186
18-11-2013|3900|156
19-11-2013|4025|161
20-11-2013|4100|164
21-11-2013|3750|150
22-11-2013|4300|172
23-11-2013|4250|170
24-11-2013|4200|168
25-11-2013|4325|173
26-11-2013|3975|159
27-11-2013|4325|173
28-11-2013|4525|181
29-11-2013|4325|173
30-11-2013|4400|176
01-12-2013|4875|195
02-12-2013|3975|159
03-12-2013|5000|200
04-12-2013|4275|171
05-12-2013|4250|170
06-12-2013|5200|208
07-12-2013|4875|195
08-12-2013|4875|195
09-12-2013|4400|176
10-12-2013|4800|192
11-12-2013|4125|165
12-12-2013|4075|163
13-12-2013|4350|174
14-12-2013|4950|198
15-12-2013|4425|177
16-12-2013|5025|201
17-12-2013|5075|203
18-12-2013|4975|199
19-12-2013|5650|226
20-12-2013|4450|178
21-12-2013|4025|161
22-12-2013|4225|169
23-12-2013|4275|171
24-12-2013|4225|169
25-12-2013|4050|162
26-12-2013|4500|180
27-12-2013|4600|184
28-12-2013|3750|150
29-12-2013|4200|168
30-12-2013|4325|173
31-12-2013|4600|184
01-01-2014|5125|205
02-01-2014|3350|134
03-01-2014|4025|161
04-01-2014|3525|141
05-01-2014|4825|193
06-01-2014|4650|186
07-01-2014|4425|177
08-01-2014|4825|193
09-01-2014|5175|207
10-01-2014|4675|187
11-01-2014|5250|210
12-01-2014|5175|207
13-01-2014|4225|169
14-01-2014|4050|162
15-01-2014|4600|184
16-01-2014|4625|185
17-01-2014|3800|152
18-01-2014|4350|174
19-01-2014|4225|169
20-01-2014|4875|195
21-01-2014|4150|166
22-01-2014|4800|192
23-01-2014|4425|177
24-01-2014|4725|189
25-01-2014|4125|165
26-01-2014|3800|152
27-01-2014|4350|174
28-01-2014|3850|154
29-01-2014|3800|152
30-01-2014|4400|176
31-01-2014|4600|184
01-02-2014|4725|189
02-02-2014|4650|186
03-02-2014|4525|181
04-02-2014|4300|172
05-02-2014|4200|168
06-02-2014|4550|182
07-02-2014|3875|155
08-02-2014|4550|182
09-02-2014|3450|138
10-02-2014|3900|156
11-02-2014|4100|164
12-02-2014|4450|178
13-02-2014|4450|178
14-02-2014|4775|191
15-02-2014|4675|187
16-02-2014|4875|195
17-02-2014|3875|155
18-02-2014|4075|163
19-02-2014|5000|200
20-02-2014|4425|177
21-02-2014|3800|152
22-02-2014|4500|180
23-02-2014|4200|168
24-02-2014|4775|191
25-02-2014|4025|161
26-02-2014|4600|184
27-02-2014|4700|188
28-02-2014|4525|181
01-03-2014|3600|144
02-03-2014|3500|140
03-03-2014|3700|148
04-03-2014|3725|149
05-03-2014|3900|156
06-03-2014|4325|173
07-03-2014|4150|166
08-03-2014|4200|168
09-03-2014|4475|179
10-03-2014|3725|149
11-03-2014|4200|168
12-03-2014|4550|182
13-03-2014|4050|162
14-03-2014|3325|133
15-03-2014|4125|165
16-03-2014|4275|171
17-03-2014|4025|161
18-03-2014|3650|146
19-03-2014|4000|160
20-03-2014|4425|177
21-03-2014|4650|186
22-03-2014|4250|170
23-03-2014|5350|214
24-03-2014|4700|188
25-03-2014|3925|157
26-03-2014|3975|159
27-03-2014|4325|173
28-03-2014|4350|174
29-03-2014|4375|175
30-03-2014|3500|140
31-03-2014|4500|180
01-04-2014|4275|171
02-04-2014|4925|197
03-04-2014|5100|204
04-04-2014|4875|195
05-04-2014|4275|171
06-04-2014|3775|151
07-04-2014|3775|151
08-04-2014|3350|134
09-04-2014|4025|161
10-04-2014|3875|155
11-04-2014|4225|169
12-04-2014|4025|161
13-04-2014|4675|187
14-04-2014|4825|193
15-04-2014|4550|182
16-04-2014|3975|159
17-04-2014|4225|169
18-04-2014|4000|160
19-04-2014|3975|159
20-04-2014|4450|178
21-04-2014|4275|171
22-04-2014|3850|154
23-04-2014|4125|165
24-04-2014|3775|151
25-04-2014|4550|182
26-04-2014|4075|163
27-04-2014|4425|177
28-04-2014|3800|152
29-04-2014|4275|171
30-04-2014|3425|137
01-05-2014|4400|176
02-05-2014|4025|161
03-05-2014|3550|142
04-05-2014|3775|151
05-05-2014|3125|125
06-05-2014|4850|194
07-05-2014|3975|159
08-05-2014|4175|167
09-05-2014|4250|170
10-05-2014|4475|179
11-05-2014|3800|152
12-05-2014|4100|164
13-05-2014|4050|162
14-05-2014|3750|150
15-05-2014|4275|171
16-05-2014|4525|181
17-05-2014|4325|173
18-05-2014|4300|172
19-05-2014|4200|168
20-05-2014|4425|177
21-05-2014|4375|175
22-05-2014|4300|172
23-05-2014|4125|165
24-05-2014|3850|154
25-05-2014|4025|161
26-05-2014|3950|158
27-05-2014|3400|136
28-05-2014|4225|169
29-05-2014|3525|141
30-05-2014|4175|167
31-05-2014|3675|147
01-06-2014|4375|175
02-06-2014|4825|193
03-06-2014|4450|178
04-06-2014|4525|181
05-06-2014|3800|152
06-06-2014|3475|139
07-06-2014|3875|155
08-06-2014|3400|136
09-06-2014|3900|156
10-06-2014|4175|167
11-06-2014|3650|146
12-06-2014|4300|172
13-06-2014|4075|163
14-06-2014|4450|178
15-06-2014|4750|190
16-06-2014|4700|188
17-06-2014|4600|184
18-06-2014|3950|158
19-06-2014|4175|167
20-06-2014|4650|186
21-06-2014|4650|186
22-06-2014|4500|180
23-06-2014|4400|176
24-06-2014|4700|188
25-06-2014|4675|187
26-06-2014|4275|171
27-06-2014|4925|197
28-06-2014|4550|182
29-06-2014|3925|157
30-06-2014|3300|132
01-07-2014|3325|133
02-07-2014|3425|137
03-07-2014|3475|139
04-07-2014|4150|166
05-07-2014|3800|152
06-07-2014|3550|142
07-07-2014|3750|150
08-07-2014|3750|150
09-07-2014|4150|166
10-07-2014|3725|149
11-07-2014|3900|156
12-07-2014|3925|157
13-07-2014|4000|160
14-07-2014|3375|135
15-07-2014|3975|159
16-07-2014|3600|144
17-07-2014|4300|172
18-07-2014|4300|172
19-07-2014|4425|177
20-07-2014|3875|155
21-07-2014|3875|155
22-07-2014|3550|142
23-07-2014|3650|146
24-07-2014|3575|143
25-07-2014|4075|163
26-07-2014|3350|134
27-07-2014|3825|153
28-07-2014|3750|150
29-07-2014|3725|149
30-07-2014|4300|172
31-07-2014|3850|154
01-08-2014|3925|157
02-08-2014|4075|163
03-08-2014|3850|154
04-08-2014|3200|128
05-08-2014|3375|135
06-08-2014|4100|164
07-08-2014|4000|160
08-08-2014|3950|158
09-08-2014|4550|182
10-08-2014|4425|177
11-08-2014|4550|182
12-08-2014|4350|174
13-08-2014|3625|145
14-08-2014|4500|180
15-08-2014|4125|165
16-08-2014|3950|158
17-08-2014|4250|170
18-08-2014|4950|198
19-08-2014|4650|186
20-08-2014|4225|169
21-08-2014|4125|165
22-08-2014|3925|157
23-08-2014|4050|162
24-08-2014|3650|146
25-08-2014|3425|137
26-08-2014|4325|173
27-08-2014|4225|169
28-08-2014|4325|173
29-08-2014|4250|170
30-08-2014|4550|182
31-08-2014|4700|188
01-09-2014|3400|136
02-09-2014|3675|147
03-09-2014|4225|169
04-09-2014|3950|158
05-09-2014|3625|145
06-09-2014|4475|179
07-09-2014|3875|155
08-09-2014|3600|144
09-09-2014|3650|146
10-09-2014|3925|157
11-09-2014|4250|170
12-09-2014|3850|154
13-09-2014|4525|181
14-09-2014|3950|158
15-09-2014|3950|158
16-09-2014|4275|171
17-09-2014|4650|186
18-09-2014|4475|179
19-09-2014|4275|171
20-09-2014|4400|176
21-09-2014|4100|164
22-09-2014|4200|168
23-09-2014|3750|150
24-09-2014|3900|156
25-09-2014|4300|172
26-09-2014|3350|134
27-09-2014|3350|134
28-09-2014|3250|130
29-09-2014|3425|137
30-09-2014|3825|153
01-10-2014|3875|155
02-10-2014|3450|138
03-10-2014|3650|146
04-10-2014|3850|154
05-10-2014|4225|169
06-10-2014|4025|161
07-10-2014|3350|134
08-10-2014|3600|144
09-10-2014|3700|148
10-10-2014|3875|155
11-10-2014|3600|144
12-10-2014|3700|148
13-10-2014|3875|155
14-10-2014|3300|132
15-10-2014|3775|151
16-10-2014|3700|148
17-10-2014|3550|142
18-10-2014|4100|164
19-10-2014|3325|133
20-10-2014|3425|137
21-10-2014|3825|153
22-10-2014|3975|159
23-10-2014|3775|151
24-10-2014|3975|159
25-10-2014|3875|155
26-10-2014|3125|125
27-10-2014|3975|159
28-10-2014|3450|138
29-10-2014|3875|155
30-10-2014|4250|170
31-10-2014|4700|188
01-11-2014|3975|159
02-11-2014|3875|155
03-11-2014|4225|169
04-11-2014|4050|162
05-11-2014|3450|138
06-11-2014|3850|154
07-11-2014|3750|150
08-11-2014|3825|153
09-11-2014|3750|150
10-11-2014|3675|147
11-11-2014|3225|129
12-11-2014|3675|147
13-11-2014|3625|145
14-11-2014|3850|154
15-11-2014|3500|140
16-11-2014|3750|150
17-11-2014|3600|144
18-11-2014|3850|154
19-11-2014|3525|141
20-11-2014|3450|138
21-11-2014|3175|127
22-11-2014|3850|154
23-11-2014|3550|142
24-11-2014|3675|147
25-11-2014|3300|132
26-11-2014|3425|137
27-11-2014|3525|141
28-11-2014|3700|148
29-11-2014|3925|157
30-11-2014|4000|160
01-12-2014|3250|130
02-12-2014|3750|150
03-12-2014|2900|116
04-12-2014|3650|146
05-12-2014|3900|156
06-12-2014|3425|137
07-12-2014|3150|126
08-12-2014|4075|163
09-12-2014|3550|142
10-12-2014|3575|143
11-12-2014|3700|148
12-12-2014|3525|141
13-12-2014|3650|146
14-12-2014|3525|141
15-12-2014|3525|141
16-12-2014|3575|143
17-12-2014|3200|128
18-12-2014|3225|129
19-12-2014|3425|137
20-12-2014|3350|134
21-12-2014|3300|132
22-12-2014|4100|164
23-12-2014|3750|150
24-12-2014|3825|153
25-12-2014|3950|158
26-12-2014|3800|152
27-12-2014|3800|152
28-12-2014|4225|169
29-12-2014|4100|164
30-12-2014|3875|155
31-12-2014|3800|152
01-01-2015|4125|165
02-01-2015|4125|165
03-01-2015|4050|162
04-01-2015|4300|172
05-01-2015|3900|156
06-01-2015|3950|158
07-01-2015|3500|140
08-01-2015|3675|147
09-01-2015|3500|140
10-01-2015|3675|147
11-01-2015|3875|155
12-01-2015|3550|142
13-01-2015|3175|127
14-01-2015|3625|145
15-01-2015|3775|151
16-01-2015|3475|139
17-01-2015|3450|138
18-01-2015|3825|153
19-01-2015|3600|144
20-01-2015|2950|118
21-01-2015|3725|149
22-01-2015|3375|135
23-01-2015|3100|124
24-01-2015|3150|126
25-01-2015|3125|125
26-01-2015|3175|127
27-01-2015|3725|149
28-01-2015|4100|164
29-01-2015|4100|164
30-01-2015|3450|138
31-01-2015|4150|166
01-02-2015|3875|155
02-02-2015|3975|159
03-02-2015|3175|127
04-02-2015|3975|159
05-02-2015|3975|159
06-02-2015|4425|177
07-02-2015|3975|159
08-02-2015|3300|132
09-02-2015|4025|161
10-02-2015|3600|144
11-02-2015|3950|158
12-02-2015|2975|119
13-02-2015|3650|146
14-02-2015|4000|160
15-02-2015|3500|140
16-02-2015|3925|157
17-02-2015|3725|149
18-02-2015|4175|167
19-02-2015|4150|166
20-02-2015|3950|158
21-02-2015|3550|142
22-02-2015|3775|151
23-02-2015|3550|142
24-02-2015|3225|129
25-02-2015|3975|159
26-02-2015|3750|150
27-02-2015|3800|152
28-02-2015|3550|142
01-03-2015|3500|140
02-03-2015|3950|158
03-03-2015|3950|158
04-03-2015|3500|140
05-03-2015|3300|132
06-03-2015|3700|148
07-03-2015|3500|140
08-03-2015|3900|156
09-03-2015|3600|144
10-03-2015|3800|152
11-03-2015|3850|154
12-03-2015|3275|131
13-03-2015|3650|146
14-03-2015|3275|131
15-03-2015|3575|143
16-03-2015|3475|139
17-03-2015|3200|128
18-03-2015|3825|153
19-03-2015|3425|137
20-03-2015|3400|136
21-03-2015|3775|151
22-03-2015|3550|142
23-03-2015|3625|145
24-03-2015|4325|173
25-03-2015|4050|162
26-03-2015|3700|148
27-03-2015|4275|171
28-03-2015|3700|148
29-03-2015|3825|153
30-03-2015|3550|142
31-03-2015|3750|150
01-04-2015|3300|132
02-04-2015|4150|166
03-04-2015|3650|146
04-04-2015|3825|153
05-04-2015|3700|148
06-04-2015|3150|126
07-04-2015|3800|152
08-04-2015|3125|125
09-04-2015|3325|133
10-04-2015|3800|152
11-04-2015|3500|140
12-04-2015|3200|128
13-04-2015|3900|156
14-04-2015|3725|149
15-04-2015|3050|122
16-04-2015|3450|138
17-04-2015|3150|126
18-04-2015|3650|146
19-04-2015|3625|145
20-04-2015|3850|154
21-04-2015|3825|153
22-04-2015|3800|152
23-04-2015|3250|130
24-04-2015|3100|124
25-04-2015|4075|163
26-04-2015|3600|144
27-04-2015|3425|137
28-04-2015|3825|153
29-04-2015|3175|127
30-04-2015|3350|134
01-05-2015|3700|148
02-05-2015|3675|147
03-05-2015|3525|141
04-05-2015|3200|128
05-05-2015|3850|154
06-05-2015|4025|161
07-05-2015|3525|141
08-05-2015|3750|150
09-05-2015|3225|129
10-05-2015|3225|129
11-05-2015|3950|158
12-05-2015|3750|150
13-05-2015|4050|162
14-05-2015|3850|154
15-05-2015|3675|147
16-05-2015|3300|132
17-05-2015|4275|171
18-05-2015|3600|144
19-05-2015|3250|130
20-05-2015|3625|145
21-05-2015|3875|155
22-05-2015|3450|138
23-05-2015|2800|112
24-05-2015|3650|146
25-05-2015|3525|141
26-05-2015|3600|144
27-05-2015|3450|138
28-05-2015|3300|132
29-05-2015|3850|154
30-05-2015|3400|136
31-05-2015|3700|148
01-06-2015|3300|132
02-06-2015|3750|150
03-06-2015|3550|142
04-06-2015|3525|141
05-06-2015|3450|138
06-06-2015|4450|178
07-06-2015|3725|149
08-06-2015|3925|157
09-06-2015|3775|151
10-06-2015|4225|169
11-06-2015|3375|135
12-06-2015|3550|142
13-06-2015|3975|159
14-06-2015|3700|148
15-06-2015|3600|144
16-06-2015|2950|118
17-06-2015|3950|158
18-06-2015|3900|156
19-06-2015|3675|147
20-06-2015|3350|134
21-06-2015|3100|124
22-06-2015|3825|153
23-06-2015|3500|140
24-06-2015|3900|156
25-06-2015|3800|152
26-06-2015|3850|154
27-06-2015|3225|129
28-06-2015|3525|141
29-06-2015|3500|140
30-06-2015|3625|145
01-07-2015|3375|135
02-07-2015|3850|154
03-07-2015|4025|161
04-07-2015|3800|152
05-07-2015|3550|142
06-07-2015|4525|181
07-07-2015|3350|134
08-07-2015|4025|161
09-07-2015|3325|133
10-07-2015|3850|154
11-07-2015|3700|148
12-07-2015|3375|135
13-07-2015|3700|148
14-07-2015|3600|144
15-07-2015|3825|153
16-07-2015|3350|134
17-07-2015|3675|147
18-07-2015|3725|149
19-07-2015|3800|152
20-07-2015|3900|156
21-07-2015|3175|127
22-07-2015|3850|154
23-07-2015|3500|140
24-07-2015|4225|169
25-07-2015|3850|154
26-07-2015|3600|144
27-07-2015|3725|149
28-07-2015|3400|136
29-07-2015|3800|152
30-07-2015|3350|134
31-07-2015|3775|151
01-08-2015|3875|155
02-08-2015|3775|151
03-08-2015|3925|157
04-08-2015|3400|136
05-08-2015|3325|133
06-08-2015|3575|143
07-08-2015|3425|137
08-08-2015|4025|161
09-08-2015|3550|142
10-08-2015|4175|167
11-08-2015|4050|162
12-08-2015|3150|126
13-08-2015|3675|147
14-08-2015|3550|142
15-08-2015|3425|137
16-08-2015|3450|138
17-08-2015|3675|147
18-08-2015|3525|141
19-08-2015|3900|156
20-08-2015|3750|150
21-08-2015|4125|165
22-08-2015|3950|158
23-08-2015|3350|134
24-08-2015|3875|155
25-08-2015|3375|135
26-08-2015|4025|161
27-08-2015|3425|137
28-08-2015|3875|155
29-08-2015|4000|160
30-08-2015|3750|150
31-08-2015|3925|157
01-09-2015|3850|154
02-09-2015|4000|160
03-09-2015|3650|146
04-09-2015|3900|156
05-09-2015|3675|147
06-09-2015|3600|144
07-09-2015|3800|152
08-09-2015|3400|136
09-09-2015|3725|149
10-09-2015|4275|171
11-09-2015|3950|158
12-09-2015|3375|135
13-09-2015|3775|151
14-09-2015|3800|152
15-09-2015|4000|160
16-09-2015|3550|142
17-09-2015|3600|144
18-09-2015|3675|147
19-09-2015|3125|125
20-09-2015|3200|128
21-09-2015|3300|132
22-09-2015|3925|157
23-09-2015|3950|158
24-09-2015|3500|140
25-09-2015|4100|164
26-09-2015|3675|147
27-09-2015|3725|149
28-09-2015|3575|143
29-09-2015|4350|174
30-09-2015|3700|148
01-10-2015|3725|149
02-10-2015|3450|138
03-10-2015|3625|145
04-10-2015|3825|153
05-10-2015|3825|153
06-10-2015|3550|142
07-10-2015|3325|133
08-10-2015|3500|140
09-10-2015|3150|126
10-10-2015|4000|160
11-10-2015|3650|146
12-10-2015|3550|142
13-10-2015|3425|137
14-10-2015|3800|152
15-10-2015|4150|166
16-10-2015|3600|144
17-10-2015|3400|136
18-10-2015|3625|145
19-10-2015|4125|165
20-10-2015|3200|128
21-10-2015|3600|144
22-10-2015|3700|148
23-10-2015|3725|149
24-10-2015|3625|145
25-10-2015|3875|155
26-10-2015|4100|164
27-10-2015|3675|147
28-10-2015|3475|139
29-10-2015|3775|151
30-10-2015|4275|171
31-10-2015|3675|147
01-11-2015|3825|153
02-11-2015|3825|153
03-11-2015|3875|155
04-11-2015|3875|155
05-11-2015|3650|146
06-11-2015|3625|145
07-11-2015|3800|152
08-11-2015|3475|139
09-11-2015|3725|149
10-11-2015|3650|146
11-11-2015|4200|168
12-11-2015|4025|161
13-11-2015|4000|160
14-11-2015|3550|142
15-11-2015|4000|160
16-11-2015|4325|173
17-11-2015|3725|149
18-11-2015|3825|153
19-11-2015|3400|136
20-11-2015|4175|167
21-11-2015|4350|174
22-11-2015|4300|172
23-11-2015|4075|163
24-11-2015|3900|156
25-11-2015|3700|148
26-11-2015|4400|176
27-11-2015|3325|133
28-11-2015|3850|154
29-11-2015|3725|149
30-11-2015|4050|162
01-12-2015|4175|167
02-12-2015|4025|161
03-12-2015|3550|142
04-12-2015|3825|153
05-12-2015|4375|175
06-12-2015|3975|159
07-12-2015|3675|147
08-12-2015|4375|175
09-12-2015|4200|168
10-12-2015|5400|216
11-12-2015|4000|160
12-12-2015|4050|162
13-12-2015|3550|142
14-12-2015|4875|195
15-12-2015|4575|183
16-12-2015|4075|163
17-12-2015|3875|155
18-12-2015|4225|169
19-12-2015|3925|157
20-12-2015|4125|165
21-12-2015|3725|149
22-12-2015|3750|150
23-12-2015|3925|157
24-12-2015|3450|138
25-12-2015|4050|162
26-12-2015|4275|171
27-12-2015|5125|205
28-12-2015|3775|151
29-12-2015|3975|159
30-12-2015|4125|165
31-12-2015|3550|142
01-01-2016|3375|135
02-01-2016|3625|145
03-01-2016|3625|145
04-01-2016|4525|181
05-01-2016|3925|157
06-01-2016|3525|141
07-01-2016|3675|147
08-01-2016|4325|173
09-01-2016|3775|151
10-01-2016|4375|175
11-01-2016|4250|170
12-01-2016|4250|170
13-01-2016|3700|148
14-01-2016|3325|133
15-01-2016|3050|122
16-01-2016|3550|142
17-01-2016|3775|151
18-01-2016|4325|173
19-01-2016|3325|133
20-01-2016|3800|152
21-01-2016|3425|137
22-01-2016|4400|176
23-01-2016|4475|179
24-01-2016|4275|171
25-01-2016|4050|162
26-01-2016|4000|160
27-01-2016|3875|155
28-01-2016|3650|146
29-01-2016|4225|169
30-01-2016|4675|187
31-01-2016|4525|181
01-02-2016|4025|161
02-02-2016|4500|180
03-02-2016|4475|179
04-02-2016|4200|168
05-02-2016|4700|188
06-02-2016|5000|200
07-02-2016|4400|176
08-02-2016|3700|148
09-02-2016|4400|176
10-02-2016|4100|164
11-02-2016|4800|192
12-02-2016|4275|171
13-02-2016|3900|156
14-02-2016|4150|166
15-02-2016|3800|152
16-02-2016|3450|138
17-02-2016|3875|155
18-02-2016|4225|169
19-02-2016|3625|145
20-02-2016|3750|150
21-02-2016|3200|128
22-02-2016|3175|127
23-02-2016|3400|136
24-02-2016|2950|118
25-02-2016|3875|155
26-02-2016|3500|140
27-02-2016|3675|147
28-02-2016|3350|134
29-02-2016|3325|133
01-03-2016|3525|141
02-03-2016|3925|157
03-03-2016|3375|135
04-03-2016|3875|155
05-03-2016|3750|150
06-03-2016|3700|148
07-03-2016|3325|133
08-03-2016|3850|154
09-03-2016|4200|168
10-03-2016|3875|155
11-03-2016|4000|160
12-03-2016|3600|144
13-03-2016|3325|133
14-03-2016|3800|152
15-03-2016|4025|161
16-03-2016|3800|152
17-03-2016|3525|141
18-03-2016|3400|136
19-03-2016|3400|136
20-03-2016|3650|146
21-03-2016|3475|139
22-03-2016|3700|148
23-03-2016|3725|149
24-03-2016|3675|147
25-03-2016|3650|146
26-03-2016|3825|153
27-03-2016|3525|141
28-03-2016|4250|170
29-03-2016|3925|157
30-03-2016|3675|147
31-03-2016|3100|124
01-04-2016|3825|153
02-04-2016|3475|139
03-04-2016|3550|142
04-04-2016|4150|166
05-04-2016|3875|155
06-04-2016|3925|157
07-04-2016|3475|139
08-04-2016|3600|144
09-04-2016|4050|162
10-04-2016|4325|173
11-04-2016|3825|153
12-04-2016|3700|148
13-04-2016|4100|164
14-04-2016|4100|164
15-04-2016|3475|139
16-04-2016|3450|138
17-04-2016|3950|158
18-04-2016|3350|134
19-04-2016|3750|150
20-04-2016|4125|165
21-04-2016|3775|151
22-04-2016|3575|143
23-04-2016|3600|144
24-04-2016|3300|132
25-04-2016|3175|127
26-04-2016|3775|151
27-04-2016|3225|129
28-04-2016|3375|135
29-04-2016|3950|158
30-04-2016|3650|146
01-05-2016|3875|155
02-05-2016|3925|157
03-05-2016|3775|151
04-05-2016|4175|167
05-05-2016|3875|155
06-05-2016|4050|162
07-05-2016|3750|150
08-05-2016|4200|168
09-05-2016|4275|171
10-05-2016|3950|158
11-05-2016|3325|133
12-05-2016|3475|139
13-05-2016|3800|152
14-05-2016|3600|144
15-05-2016|3475|139
16-05-2016|3525|141
17-05-2016|3525|141
18-05-2016|3825|153
19-05-2016|3000|120
20-05-2016|3725|149
21-05-2016|3525|141
22-05-2016|4600|184
23-05-2016|4500|180
24-05-2016|3675|147
25-05-2016|3450|138
26-05-2016|3375|135
27-05-2016|3475|139
28-05-2016|3325|133
29-05-2016|3675|147
30-05-2016|3600|144
31-05-2016|3175|127
01-06-2016|3575|143
02-06-2016|3450|138
03-06-2016|3550|142
04-06-2016|2975|119
05-06-2016|4250|170
06-06-2016|4250|170
07-06-2016|3500|140
08-06-2016|3600|144
09-06-2016|4125|165
10-06-2016|3600|144
11-06-2016|3900|156
12-06-2016|3650|146
13-06-2016|4025|161
14-06-2016|3300|132
15-06-2016|3800|152
16-06-2016|3725|149
17-06-2016|3725|149
18-06-2016|3950|158
19-06-2016|4425|177
20-06-2016|4100|164
21-06-2016|3725|149
22-06-2016|3225|129
23-06-2016|3500|140
24-06-2016|3225|129
25-06-2016|4050|162
26-06-2016|3650|146
27-06-2016|3675|147
28-06-2016|3700|148
29-06-2016|3650|146
30-06-2016|3750|150
01-07-2016|3875|155
02-07-2016|3725|149
03-07-2016|3850|154
04-07-2016|3775|151
05-07-2016|3625|145
06-07-2016|3500|140
07-07-2016|3425|137
08-07-2016|3625|145
09-07-2016|3062.5|149
10-07-2016|1950|156
11-07-2016|1787.5|143
12-07-2016|1787.5|143
13-07-2016|1612.5|129
14-07-2016|1762.5|141
15-07-2016|1687.5|135
16-07-2016|1962.5|157
17-07-2016|1862.5|149
18-07-2016|1850|148
19-07-2016|1600|128
20-07-2016|1875|150
21-07-2016|1662.5|133
22-07-2016|1612.5|129
23-07-2016|1637.5|131
24-07-2016|1550|124
25-07-2016|1637.5|131
26-07-2016|1612.5|129
27-07-2016|1600|128
28-07-2016|1700|136
29-07-2016|1837.5|147
30-07-2016|1487.5|119
31-07-2016|1925|154
01-08-2016|1912.5|153
02-08-2016|1925|154
03-08-2016|2075|166
04-08-2016|1912.5|153
05-08-2016|2112.5|169
06-08-2016|2075|166
07-08-2016|1850|148
08-08-2016|1850|148
09-08-2016|1550|124
10-08-2016|1887.5|151
11-08-2016|1875|150
12-08-2016|1862.5|149
13-08-2016|2037.5|163
14-08-2016|2037.5|163
15-08-2016|1825|146
16-08-2016|1687.5|135
17-08-2016|1537.5|123
18-08-2016|1925|154
19-08-2016|1925|154
20-08-2016|1937.5|155
21-08-2016|2037.5|163
22-08-2016|1975|158
23-08-2016|1837.5|147
24-08-2016|1900|152
25-08-2016|1625|130
26-08-2016|1650|132
27-08-2016|1800|144
28-08-2016|1900|152
29-08-2016|1862.5|149
30-08-2016|2050|164
31-08-2016|1675|134
01-09-2016|1750|140
02-09-2016|1912.5|153
03-09-2016|1575|126
04-09-2016|2237.5|179
05-09-2016|1750|140
06-09-2016|1700|136
07-09-2016|1900|152
08-09-2016|1800|144
09-09-2016|1775|142
10-09-2016|1937.5|155
11-09-2016|2050|164
12-09-2016|2037.5|163
13-09-2016|2062.5|165
14-09-2016|1950|156
15-09-2016|1925|154
16-09-2016|1737.5|139
17-09-2016|2037.5|163
18-09-2016|1812.5|145
19-09-2016|1662.5|133
20-09-2016|1887.5|151
21-09-2016|2075|166
22-09-2016|1762.5|141
23-09-2016|1700|136
24-09-2016|2075|166
25-09-2016|2312.5|185
26-09-2016|1912.5|153
27-09-2016|2087.5|167
28-09-2016|1850|148
29-09-2016|1787.5|143
30-09-2016|1775|142
01-10-2016|1962.5|157
02-10-2016|1762.5|141
03-10-2016|1887.5|151
04-10-2016|1975|158
05-10-2016|2087.5|167
06-10-2016|2012.5|161
07-10-2016|1787.5|143
08-10-2016|2112.5|169
09-10-2016|2000|160
10-10-2016|1550|124
11-10-2016|1737.5|139
12-10-2016|1800|144
13-10-2016|1600|128
14-10-2016|1700|136
15-10-2016|1775|142
16-10-2016|1625|130
17-10-2016|1562.5|125
18-10-2016|1937.5|155
19-10-2016|1562.5|125
20-10-2016|1675|134
21-10-2016|2050|164
22-10-2016|1862.5|149
23-10-2016|1800|144
24-10-2016|1787.5|143
25-10-2016|1737.5|139
26-10-2016|1725|138
27-10-2016|2025|162
28-10-2016|1900|152
29-10-2016|1862.5|149
30-10-2016|2100|168
31-10-2016|1837.5|147
01-11-2016|1800|144
02-11-2016|1662.5|133
03-11-2016|1937.5|155
04-11-2016|1450|116
05-11-2016|1837.5|147
06-11-2016|1912.5|153
07-11-2016|1825|146
08-11-2016|2112.5|169
09-11-2016|1837.5|147
10-11-2016|2100|168
11-11-2016|2037.5|163
12-11-2016|2100|168
13-11-2016|1775|142
14-11-2016|2150|172
15-11-2016|1950|156
16-11-2016|2137.5|171
17-11-2016|1987.5|159
18-11-2016|1850|148
19-11-2016|1775|142
20-11-2016|1600|128
21-11-2016|1737.5|139
22-11-2016|1675|134
23-11-2016|1837.5|147
24-11-2016|2025|162
25-11-2016|1900|152
26-11-2016|1912.5|153
27-11-2016|1800|144
28-11-2016|2050|164
29-11-2016|1862.5|149
30-11-2016|1775|142
01-12-2016|1825|146
02-12-2016|1787.5|143
03-12-2016|2150|172
04-12-2016|1850|148
05-12-2016|1900|152
06-12-2016|1875|150
07-12-2016|2175|174
08-12-2016|1962.5|157
09-12-2016|1687.5|135
10-12-2016|1650|132
11-12-2016|2337.5|187
12-12-2016|1950|156
13-12-2016|2225|178
14-12-2016|1737.5|139
15-12-2016|1587.5|127
16-12-2016|1662.5|133
17-12-2016|1800|144
18-12-2016|1762.5|141
19-12-2016|1887.5|151
20-12-2016|1725|138
21-12-2016|1987.5|159
22-12-2016|1987.5|159
23-12-2016|1900|152
24-12-2016|1712.5|137
25-12-2016|2062.5|165
26-12-2016|1775|142
27-12-2016|1950|156
28-12-2016|2050|164
29-12-2016|1875|150
30-12-2016|1962.5|157
31-12-2016|1850|148
01-01-2017|1950|156
02-01-2017|1987.5|159
03-01-2017|2050|164
04-01-2017|1912.5|153
05-01-2017|1750|140
06-01-2017|2012.5|161
07-01-2017|1725|138
08-01-2017|2087.5|167
09-01-2017|1700|136
10-01-2017|2000|160
11-01-2017|1912.5|153
12-01-2017|2150|172
13-01-2017|1875|150
14-01-2017|2150|172
15-01-2017|2087.5|167
16-01-2017|2112.5|169
17-01-2017|1975|158
18-01-2017|1875|150
19-01-2017|2175|174
20-01-2017|2362.5|189
21-01-2017|2262.5|181
22-01-2017|2175|174
23-01-2017|1725|138
24-01-2017|1862.5|149
25-01-2017|1862.5|149
26-01-2017|1937.5|155
27-01-2017|2125|170
28-01-2017|1900|152
29-01-2017|2087.5|167
30-01-2017|1800|144
31-01-2017|1812.5|145
01-02-2017|2400|192
02-02-2017|1962.5|157
03-02-2017|1862.5|149
04-02-2017|1800|144
05-02-2017|1987.5|159
06-02-2017|1562.5|125
07-02-2017|1887.5|151
08-02-2017|1825|146
09-02-2017|2112.5|169
10-02-2017|1837.5|147
11-02-2017|1737.5|139
12-02-2017|1750|140
13-02-2017|2037.5|163
14-02-2017|2112.5|169
15-02-2017|1737.5|139
16-02-2017|1887.5|151
17-02-2017|1887.5|151
18-02-2017|1887.5|151
19-02-2017|1675|134
20-02-2017|1850|148
21-02-2017|1725|138
22-02-2017|1725|138
23-02-2017|1875|150
24-02-2017|2037.5|163
25-02-2017|2087.5|167
26-02-2017|2225|178
27-02-2017|1800|144
28-02-2017|1912.5|153
01-03-2017|1800|144
02-03-2017|1962.5|157
03-03-2017|1887.5|151
04-03-2017|1650|132
05-03-2017|1837.5|147
06-03-2017|1775|142
07-03-2017|1912.5|153
08-03-2017|1775|142
09-03-2017|1850|148
10-03-2017|1950|156
11-03-2017|1862.5|149
12-03-2017|1937.5|155
13-03-2017|1812.5|145
14-03-2017|1950|156
15-03-2017|1775|142
16-03-2017|1912.5|153
17-03-2017|1925|154
18-03-2017|1962.5|157
19-03-2017|2062.5|165
20-03-2017|1700|136
21-03-2017|1775|142
22-03-2017|1987.5|159
23-03-2017|1850|148
24-03-2017|2200|176
25-03-2017|1662.5|133
26-03-2017|2075|166
27-03-2017|1650|132
28-03-2017|1937.5|155
29-03-2017|1725|138
30-03-2017|2050|164
31-03-2017|1687.5|135
01-04-2017|1650|132
02-04-2017|1975|158
03-04-2017|2200|176
04-04-2017|1562.5|125
05-04-2017|2025|162
06-04-2017|1837.5|147
07-04-2017|2025|162
08-04-2017|1712.5|137
09-04-2017|1987.5|159
10-04-2017|1837.5|147
11-04-2017|2087.5|167
12-04-2017|1775|142
13-04-2017|1587.5|127
14-04-2017|1737.5|139
15-04-2017|1875|150
16-04-2017|1825|146
17-04-2017|1725|138
18-04-2017|1825|146
19-04-2017|1787.5|143
20-04-2017|1725|138
21-04-2017|2087.5|167
22-04-2017|1812.5|145
23-04-2017|1912.5|153
24-04-2017|1550|124
25-04-2017|1850|148
26-04-2017|1912.5|153
27-04-2017|1837.5|147
28-04-2017|1700|136
29-04-2017|2162.5|173
30-04-2017|1887.5|151
01-05-2017|1875|150
02-05-2017|1975|158
03-05-2017|1650|132
04-05-2017|2100|168
05-05-2017|1612.5|129
06-05-2017|2100|168
07-05-2017|2087.5|167
08-05-2017|2250|180
09-05-2017|1937.5|155
10-05-2017|1850|148
11-05-2017|1687.5|135
12-05-2017|1925|154
13-05-2017|1975|158
14-05-2017|2050|164
15-05-2017|2125|170
16-05-2017|1650|132
17-05-2017|1937.5|155
18-05-2017|1775|142
19-05-2017|2050|164
20-05-2017|2062.5|165
21-05-2017|1837.5|147
22-05-2017|1825|146
23-05-2017|2100|168
24-05-2017|1925|154
25-05-2017|2037.5|163
26-05-2017|1912.5|153
27-05-2017|2100|168
28-05-2017|2062.5|165
29-05-2017|1887.5|151
30-05-2017|2237.5|179
31-05-2017|2050|164
01-06-2017|2125|170
02-06-2017|1825|146
03-06-2017|2400|192
04-06-2017|2012.5|161
05-06-2017|2050|164
06-06-2017|1887.5|151
07-06-2017|2062.5|165
08-06-2017|2062.5|165
09-06-2017|1887.5|151
10-06-2017|1762.5|141
11-06-2017|1825|146
12-06-2017|1837.5|147
13-06-2017|1762.5|141
14-06-2017|1750|140
15-06-2017|1912.5|153
16-06-2017|1850|148
17-06-2017|1812.5|145
18-06-2017|1812.5|145
19-06-2017|1887.5|151
20-06-2017|1725|138
21-06-2017|1750|140
22-06-2017|1737.5|139
23-06-2017|2000|160
24-06-2017|1825|146
25-06-2017|1525|122
26-06-2017|1775|142
27-06-2017|1637.5|131
28-06-2017|1962.5|157
29-06-2017|1500|120
30-06-2017|1925|154
01-07-2017|2050|164
02-07-2017|2350|188
03-07-2017|2125|170
04-07-2017|1912.5|153
05-07-2017|1862.5|149
06-07-2017|1775|142
07-07-2017|1850|148
08-07-2017|2062.5|165
09-07-2017|1725|138
10-07-2017|2462.5|197
11-07-2017|2162.5|173
12-07-2017|2212.5|177
13-07-2017|1962.5|157
14-07-2017|1737.5|139
15-07-2017|1587.5|127
16-07-2017|2037.5|163
17-07-2017|1850|148
18-07-2017|2062.5|165
19-07-2017|1862.5|149
20-07-2017|2025|162
21-07-2017|1925|154
22-07-2017|2000|160
23-07-2017|2150|172
24-07-2017|2225|178
25-07-2017|1850|148
26-07-2017|1837.5|147
27-07-2017|1925|154
28-07-2017|1875|150
29-07-2017|1962.5|157
30-07-2017|1837.5|147
31-07-2017|1812.5|145
01-08-2017|1862.5|149
02-08-2017|1900|152
03-08-2017|1725|138
04-08-2017|2237.5|179
05-08-2017|2212.5|177
06-08-2017|1750|140
07-08-2017|1912.5|153
08-08-2017|2050|164
09-08-2017|1725|138
10-08-2017|1675|134
11-08-2017|1800|144
12-08-2017|1687.5|135
13-08-2017|1850|148
14-08-2017|1625|130
15-08-2017|1900|152
16-08-2017|1625|130
17-08-2017|2237.5|179
18-08-2017|1862.5|149
19-08-2017|1887.5|151
20-08-2017|1625|130
21-08-2017|1437.5|115
22-08-2017|1112.5|89
23-08-2017|1987.5|159
24-08-2017|1262.5|101
25-08-2017|1262.5|101
26-08-2017|1312.5|105
27-08-2017|1937.5|155
28-08-2017|1612.5|129
29-08-2017|1862.5|149
30-08-2017|2100|168
31-08-2017|2037.5|163
01-09-2017|2175|174
02-09-2017|2050|164
03-09-2017|1925|154
04-09-2017|2187.5|175
05-09-2017|2462.5|197
06-09-2017|2025|162
07-09-2017|2200|176
08-09-2017|2187.5|175
09-09-2017|2112.5|169
10-09-2017|1725|138
11-09-2017|2175|174
12-09-2017|2350|188
13-09-2017|2375|190
14-09-2017|2175|174
15-09-2017|2250|180
16-09-2017|2112.5|169
17-09-2017|2200|176
18-09-2017|1587.5|127
19-09-2017|1950|156
20-09-2017|1462.5|117
21-09-2017|2200|176
22-09-2017|1737.5|139
23-09-2017|2075|166
24-09-2017|1812.5|145
25-09-2017|1562.5|125
26-09-2017|1725|138
27-09-2017|1837.5|147
28-09-2017|2212.5|177
29-09-2017|2112.5|169
30-09-2017|1725|138
01-10-2017|1625|130
02-10-2017|1875|150
03-10-2017|2287.5|183
04-10-2017|1675|134
05-10-2017|1562.5|125
06-10-2017|1987.5|159
07-10-2017|1975|158
08-10-2017|2275|182
09-10-2017|2012.5|161
10-10-2017|2000|160
11-10-2017|1737.5|139
12-10-2017|1912.5|153
13-10-2017|1700|136
14-10-2017|1762.5|141
15-10-2017|2437.5|195
16-10-2017|2175|174
17-10-2017|2050|164
18-10-2017|1887.5|151
19-10-2017|2225|178
20-10-2017|2237.5|179
21-10-2017|1912.5|153
22-10-2017|2275|182
23-10-2017|2137.5|171
24-10-2017|2087.5|167
25-10-2017|2312.5|185
26-10-2017|2250|180
27-10-2017|1300|104
28-10-2017|1062.5|85
29-10-2017|1925|154
30-10-2017|1837.5|147
31-10-2017|1725|138
01-11-2017|1950|156
02-11-2017|1875|150
03-11-2017|1487.5|119
04-11-2017|1625|130
05-11-2017|1762.5|141
06-11-2017|1662.5|133
07-11-2017|1950|156
08-11-2017|1800|144
09-11-2017|1912.5|153
10-11-2017|1500|120
11-11-2017|1000|80
12-11-2017|1000|80
13-11-2017|1750|140
14-11-2017|1600|128
15-11-2017|1900|152
16-11-2017|1900|152
17-11-2017|2087.5|167
18-11-2017|1700|136
19-11-2017|2000|160
20-11-2017|2187.5|175
21-11-2017|2162.5|173
22-11-2017|1850|148
23-11-2017|1962.5|157
24-11-2017|1862.5|149
25-11-2017|1950|156
26-11-2017|1912.5|153
27-11-2017|2125|170
28-11-2017|1950|156
29-11-2017|2162.5|173
30-11-2017|2087.5|167
01-12-2017|2287.5|183
02-12-2017|2012.5|161
03-12-2017|2200|176
04-12-2017|2262.5|181
05-12-2017|2225|178
06-12-2017|2350|188
07-12-2017|1900|152
08-12-2017|1950|156
09-12-2017|2175|174
10-12-2017|2050|164
11-12-2017|2137.5|171
12-12-2017|1950|156
13-12-2017|2325|186
14-12-2017|2312.5|185
15-12-2017|2112.5|169
16-12-2017|2137.5|171
17-12-2017|2312.5|185
18-12-2017|2275|182
19-12-2017|1750|140
20-12-2017|1700|136
21-12-2017|1650|132
22-12-2017|1937.5|155
23-12-2017|1737.5|139
24-12-2017|1900|152
25-12-2017|1687.5|135
26-12-2017|1775|142
27-12-2017|1950|156
28-12-2017|1862.5|149
29-12-2017|2062.5|165
30-12-2017|1837.5|147
31-12-2017|2037.5|163
01-01-2018|1950|156
02-01-2018|2137.5|171
03-01-2018|1962.5|157
04-01-2018|2100|168
05-01-2018|1787.5|143
06-01-2018|2100|168
07-01-2018|2025|162
08-01-2018|2075|166
09-01-2018|2050|164
10-01-2018|2075|166
11-01-2018|2412.5|193
12-01-2018|2225|178
13-01-2018|1862.5|149
14-01-2018|1937.5|155
15-01-2018|1875|150
16-01-2018|1987.5|159
17-01-2018|2087.5|167
18-01-2018|2162.5|173
19-01-2018|2062.5|165
20-01-2018|2225|178
21-01-2018|2337.5|187
22-01-2018|2087.5|167
23-01-2018|2212.5|177
24-01-2018|2200|176
25-01-2018|1975|158
26-01-2018|1937.5|155
27-01-2018|1962.5|157
28-01-2018|1975|158
29-01-2018|1850|148
30-01-2018|2087.5|167
31-01-2018|1462.5|117
01-02-2018|2000|160
02-02-2018|2100|168
03-02-2018|1975|158
04-02-2018|2225|178
05-02-2018|2312.5|185
06-02-2018|2125|170
07-02-2018|1762.5|141
08-02-2018|1637.5|131
09-02-2018|1687.5|135
10-02-2018|1787.5|143
11-02-2018|1887.5|151
12-02-2018|2075|166
13-02-2018|2050|164
14-02-2018|2237.5|179
15-02-2018|1637.5|131
16-02-2018|1962.5|157
17-02-2018|1862.5|149
18-02-2018|2025|162
19-02-2018|2025|162
20-02-2018|1762.5|141
21-02-2018|2112.5|169
22-02-2018|1862.5|149
23-02-2018|1850|148
24-02-2018|1812.5|145
25-02-2018|2137.5|171
26-02-2018|1762.5|141
27-02-2018|2000|160
28-02-2018|1937.5|155
01-03-2018|2062.5|165
02-03-2018|1950|156
03-03-2018|2250|180
04-03-2018|1850|148
05-03-2018|1862.5|149
06-03-2018|1950|156
07-03-2018|1962.5|157
08-03-2018|2025|162
09-03-2018|1825|146
10-03-2018|1750|140
11-03-2018|1912.5|153
12-03-2018|2012.5|161
13-03-2018|1975|158
14-03-2018|1800|144
15-03-2018|1800|144
16-03-2018|1950|156
17-03-2018|1862.5|149
18-03-2018|1887.5|151
19-03-2018|1937.5|155
20-03-2018|1587.5|127
21-03-2018|1900|152
22-03-2018|1787.5|143
23-03-2018|1662.5|133
24-03-2018|1950|156
25-03-2018|1687.5|135
26-03-2018|1875|150
27-03-2018|1900|152
28-03-2018|1687.5|135
29-03-2018|1900|152
30-03-2018|2025|162
31-03-2018|1600|128
01-04-2018|2025|162
02-04-2018|1950|156
03-04-2018|2037.5|163
04-04-2018|1837.5|147
05-04-2018|1950|156
06-04-2018|1725|138
07-04-2018|2250|180
08-04-2018|2012.5|161
09-04-2018|1837.5|147
10-04-2018|2050|164
11-04-2018|2012.5|161
12-04-2018|1925|154
13-04-2018|2062.5|165
14-04-2018|1712.5|137
15-04-2018|2037.5|163
16-04-2018|1762.5|141
17-04-2018|2025|162
18-04-2018|2000|160
19-04-2018|2225|178
20-04-2018|1712.5|137
21-04-2018|1987.5|159
22-04-2018|2000|160
23-04-2018|1912.5|153
24-04-2018|1987.5|159
25-04-2018|1537.5|123
26-04-2018|1762.5|141
27-04-2018|1775|142
28-04-2018|1600|128
29-04-2018|1975|158
30-04-2018|1937.5|155
01-05-2018|1975|158
02-05-2018|1750|140
03-05-2018|1887.5|151
04-05-2018|1725|138
05-05-2018|2012.5|161
06-05-2018|1712.5|137
07-05-2018|1875|150
08-05-2018|1737.5|139
09-05-2018|2000|160
10-05-2018|1925|154
11-05-2018|1587.5|127
12-05-2018|2062.5|165
13-05-2018|1850|148
14-05-2018|1650|132
15-05-2018|1825|146
16-05-2018|2237.5|179
17-05-2018|1650|132
18-05-2018|1850|148
19-05-2018|1925|154
20-05-2018|1800|144
21-05-2018|1962.5|157
22-05-2018|1887.5|151
23-05-2018|2025|162
24-05-2018|1787.5|143
25-05-2018|2200|176
26-05-2018|2025|162
27-05-2018|2050|164
28-05-2018|1950|156
29-05-2018|1737.5|139
30-05-2018|2175|174
31-05-2018|2125|170
01-06-2018|2075|166
02-06-2018|1900|152
03-06-2018|2037.5|163
04-06-2018|2287.5|183
05-06-2018|2187.5|175
06-06-2018|1837.5|147
07-06-2018|1787.5|143
08-06-2018|1812.5|145
09-06-2018|1787.5|143
10-06-2018|1587.5|127
11-06-2018|1750|140
12-06-2018|1812.5|145
13-06-2018|1787.5|143
14-06-2018|1912.5|153
15-06-2018|1912.5|153
16-06-2018|2075|166
17-06-2018|1962.5|157
18-06-2018|2050|164
19-06-2018|1937.5|155
20-06-2018|1937.5|155
21-06-2018|2125|170
22-06-2018|1887.5|151
23-06-2018|2000|160
24-06-2018|2137.5|171
25-06-2018|1962.5|157
26-06-2018|1825|146
27-06-2018|1512.5|121
28-06-2018|1962.5|157
29-06-2018|1887.5|151
30-06-2018|1762.5|141
01-07-2018|1837.5|147
02-07-2018|1762.5|141
03-07-2018|1450|116
04-07-2018|1675|134
05-07-2018|1712.5|137
06-07-2018|2000|160
07-07-2018|1950|156
08-07-2018|1975|158
09-07-2018|1700|136
10-07-2018|1862.5|149
11-07-2018|1687.5|135
12-07-2018|1762.5|141
13-07-2018|1787.5|143
14-07-2018|1662.5|133
15-07-2018|1662.5|133
16-07-2018|1500|120
17-07-2018|1987.5|159
18-07-2018|2175|174
19-07-2018|2137.5|171
20-07-2018|1925|154
21-07-2018|1712.5|137
22-07-2018|2275|182
23-07-2018|2075|166
24-07-2018|1987.5|159
25-07-2018|2212.5|177
26-07-2018|2062.5|165
27-07-2018|2087.5|167
28-07-2018|1812.5|145
29-07-2018|2125|170
30-07-2018|1675|134
31-07-2018|1837.5|147
01-08-2018|1875|150
02-08-2018|1912.5|153
03-08-2018|2075|166
04-08-2018|2200|176
05-08-2018|2000|160
06-08-2018|1637.5|131
07-08-2018|1887.5|151
08-08-2018|1962.5|157
09-08-2018|1862.5|149
10-08-2018|2200|176
11-08-2018|2125|170
12-08-2018|1937.5|155
13-08-2018|1875|150
14-08-2018|1700|136
15-08-2018|2012.5|161
16-08-2018|1975|158
17-08-2018|1900|152
18-08-2018|2000|160
19-08-2018|1812.5|145
20-08-2018|1875|150
21-08-2018|1850|148
22-08-2018|2000|160
23-08-2018|1862.5|149
24-08-2018|1825|146
25-08-2018|1687.5|135
26-08-2018|2162.5|173
27-08-2018|2312.5|185
28-08-2018|1912.5|153
29-08-2018|1737.5|139
30-08-2018|1925|154
31-08-2018|1937.5|155
01-09-2018|1887.5|151
02-09-2018|1800|144
03-09-2018|1800|144
04-09-2018|1575|126
05-09-2018|1650|132
06-09-2018|1875|150
07-09-2018|1900|152
08-09-2018|1875|150
09-09-2018|2037.5|163
10-09-2018|1687.5|135
11-09-2018|1762.5|141
12-09-2018|2100|168
13-09-2018|1850|148
14-09-2018|1650|132
15-09-2018|1750|140
16-09-2018|1737.5|139
17-09-2018|1687.5|135
18-09-2018|1775|142
19-09-2018|1950|156
20-09-2018|1925|154
21-09-2018|1800|144
22-09-2018|1937.5|155
23-09-2018|1875|150
24-09-2018|1850|148
25-09-2018|2112.5|169
26-09-2018|1737.5|139
27-09-2018|1787.5|143
28-09-2018|1925|154
29-09-2018|1900|152
30-09-2018|2037.5|163
01-10-2018|1975|158
02-10-2018|1712.5|137
03-10-2018|1812.5|145
04-10-2018|1875|150
05-10-2018|1625|130
06-10-2018|1562.5|125
07-10-2018|1775|142
08-10-2018|1687.5|135
09-10-2018|1625|130
10-10-2018|1800|144
11-10-2018|1987.5|159
12-10-2018|1650|132
13-10-2018|1762.5|141
14-10-2018|1425|114
15-10-2018|2025|162
16-10-2018|1687.5|135
17-10-2018|1725|138
18-10-2018|1725|138
19-10-2018|1775|142
20-10-2018|1787.5|143
21-10-2018|1725|138
22-10-2018|1937.5|155
23-10-2018|1925|154
24-10-2018|1412.5|113
25-10-2018|1712.5|137
26-10-2018|1787.5|143
27-10-2018|1700|136
28-10-2018|1750|140
29-10-2018|1825|146
30-10-2018|1925|154
31-10-2018|2037.5|163
01-11-2018|1925|154
02-11-2018|1787.5|143
03-11-2018|2012.5|161
04-11-2018|1537.5|123
05-11-2018|1800|144
06-11-2018|1600|128
07-11-2018|1625|130
08-11-2018|1512.5|121
09-11-2018|1587.5|127
10-11-2018|1637.5|131
11-11-2018|1825|146
12-11-2018|1750|140
13-11-2018|1500|120
14-11-2018|1687.5|135
15-11-2018|1587.5|127
16-11-2018|1575|126
17-11-2018|1812.5|145
18-11-2018|1537.5|123
19-11-2018|1575|126
20-11-2018|1650|132
21-11-2018|1312.5|105
22-11-2018|1525|122
23-11-2018|1562.5|125
24-11-2018|1787.5|143
25-11-2018|1587.5|127
26-11-2018|1387.5|111
27-11-2018|1637.5|131
28-11-2018|1475|118
29-11-2018|1312.5|105
30-11-2018|1262.5|101
01-12-2018|1550|124
02-12-2018|1425|114
03-12-2018|1425|114
04-12-2018|1725|138
05-12-2018|1625|130
06-12-2018|1687.5|135
07-12-2018|1425|114
08-12-2018|1587.5|127
09-12-2018|1600|128
10-12-2018|1550|124
11-12-2018|1562.5|125
12-12-2018|1500|120
13-12-2018|1637.5|131
14-12-2018|1825|146
15-12-2018|1862.5|149
16-12-2018|1437.5|115
17-12-2018|2000|160
18-12-2018|1600|128
19-12-2018|1862.5|149
20-12-2018|1687.5|135
21-12-2018|1750|140
22-12-2018|2187.5|175
23-12-2018|2200|176
24-12-2018|1900|152
25-12-2018|1987.5|159
26-12-2018|1962.5|157
27-12-2018|2175|174
28-12-2018|2087.5|167
29-12-2018|1725|138
30-12-2018|2200|176
31-12-2018|1937.5|155
01-01-2019|1862.5|149
02-01-2019|1887.5|151
03-01-2019|1937.5|155
04-01-2019|1862.5|149
05-01-2019|2037.5|163
06-01-2019|1762.5|141
07-01-2019|1762.5|141
08-01-2019|2112.5|169
09-01-2019|2050|164
10-01-2019|1950|156
11-01-2019|1850|148
12-01-2019|1725|138
13-01-2019|1712.5|137
14-01-2019|1862.5|149
15-01-2019|1650|132
16-01-2019|1662.5|133
17-01-2019|1587.5|127
18-01-2019|1725|138
19-01-2019|1662.5|133
20-01-2019|1962.5|157
21-01-2019|1875|150
22-01-2019|1625|130
23-01-2019|1825|146
24-01-2019|2025|162
25-01-2019|1725|138
26-01-2019|1875|150
27-01-2019|1712.5|137
28-01-2019|1812.5|145
29-01-2019|1825|146
30-01-2019|1700|136
31-01-2019|1937.5|155
01-02-2019|1975|158
02-02-2019|1800|144
03-02-2019|1725|138
04-02-2019|1837.5|147
05-02-2019|1837.5|147
06-02-2019|2050|164
07-02-2019|2175|174
08-02-2019|2037.5|163
09-02-2019|1875|150
10-02-2019|1750|140
11-02-2019|1812.5|145
12-02-2019|1600|128
13-02-2019|1912.5|153
14-02-2019|1762.5|141
15-02-2019|1587.5|127
16-02-2019|1875|150
17-02-2019|1987.5|159
18-02-2019|1937.5|155
19-02-2019|1950|156
20-02-2019|1625|130
21-02-2019|1487.5|119
22-02-2019|2025|162
23-02-2019|1787.5|143
24-02-2019|1712.5|137
25-02-2019|1787.5|143
26-02-2019|2012.5|161
27-02-2019|1762.5|141
28-02-2019|1875|150
01-03-2019|2025|162
02-03-2019|1650|132
03-03-2019|1825|146
04-03-2019|1712.5|137
05-03-2019|1862.5|149
06-03-2019|1600|128
07-03-2019|1775|142
08-03-2019|1825|146
09-03-2019|1725|138
10-03-2019|1700|136
11-03-2019|1775|142
12-03-2019|1787.5|143
13-03-2019|1687.5|135
14-03-2019|1937.5|155
15-03-2019|1912.5|153
16-03-2019|2037.5|163
17-03-2019|1825|146
18-03-2019|2012.5|161
19-03-2019|2175|174
20-03-2019|2012.5|161
21-03-2019|1787.5|143
22-03-2019|2012.5|161
23-03-2019|1812.5|145
24-03-2019|1875|150
25-03-2019|1850|148
26-03-2019|1675|134
27-03-2019|1862.5|149
28-03-2019|1825|146
29-03-2019|1837.5|147
30-03-2019|1737.5|139
31-03-2019|1737.5|139
01-04-2019|1700|136
02-04-2019|1962.5|157
03-04-2019|1775|142
04-04-2019|1750|140
05-04-2019|1975|158
06-04-2019|1737.5|139
07-04-2019|1762.5|141
08-04-2019|1850|148
09-04-2019|1650|132
10-04-2019|1850|148
11-04-2019|1962.5|157
12-04-2019|1887.5|151
13-04-2019|1687.5|135
14-04-2019|1525|122
15-04-2019|1812.5|145
16-04-2019|1812.5|145
17-04-2019|1725|138
18-04-2019|1862.5|149
19-04-2019|1900|152
20-04-2019|1637.5|131
21-04-2019|2025|162
22-04-2019|1675|134
23-04-2019|1450|116
24-04-2019|2037.5|163
25-04-2019|1787.5|143
26-04-2019|1887.5|151
27-04-2019|1712.5|137
28-04-2019|2037.5|163
29-04-2019|2037.5|163
30-04-2019|1750|140
01-05-2019|2137.5|171
02-05-2019|2300|184
03-05-2019|1900|152
04-05-2019|1650|132
05-05-2019|1612.5|129
06-05-2019|1887.5|151
07-05-2019|1587.5|127
08-05-2019|1900|152
09-05-2019|1875|150
10-05-2019|1562.5|125
11-05-2019|1625|130
12-05-2019|1975|158
13-05-2019|2087.5|167
14-05-2019|1900|152
15-05-2019|1862.5|149
16-05-2019|1825|146
17-05-2019|1887.5|151
18-05-2019|1912.5|153
19-05-2019|2037.5|163
20-05-2019|2012.5|161
21-05-2019|1912.5|153
22-05-2019|2087.5|167
23-05-2019|1975|158
24-05-2019|1912.5|153
25-05-2019|1750|140
26-05-2019|2062.5|165
27-05-2019|2087.5|167
28-05-2019|2050|164
29-05-2019|2175|174
30-05-2019|2000|160
31-05-2019|1462.5|117
01-06-2019|1887.5|151
02-06-2019|1637.5|131
03-06-2019|1487.5|119
04-06-2019|1925|154
05-06-2019|2000|160
06-06-2019|1962.5|157
07-06-2019|1975|158
08-06-2019|1550|124
09-06-2019|1837.5|147
10-06-2019|1962.5|157
11-06-2019|1787.5|143
12-06-2019|1637.5|131
13-06-2019|1887.5|151
14-06-2019|2112.5|169
15-06-2019|1825|146
16-06-2019|1625|130
17-06-2019|1662.5|133
18-06-2019|2037.5|163
19-06-2019|2212.5|177
20-06-2019|1800|144
21-06-2019|1662.5|133
22-06-2019|1762.5|141
23-06-2019|2262.5|181
24-06-2019|2212.5|177
25-06-2019|1825|146
26-06-2019|2062.5|165
27-06-2019|1775|142
28-06-2019|2037.5|163
29-06-2019|2175|174
30-06-2019|1900|152
01-07-2019|1787.5|143
02-07-2019|1975|158
03-07-2019|2150|172
04-07-2019|2087.5|167
05-07-2019|2362.5|189
06-07-2019|2225|178
07-07-2019|1912.5|153
08-07-2019|2225|178
09-07-2019|1925|154
10-07-2019|1612.5|129
11-07-2019|1612.5|129
12-07-2019|2050|164
13-07-2019|1762.5|141
14-07-2019|1812.5|145
15-07-2019|1825|146
16-07-2019|2025|162
17-07-2019|1662.5|133
18-07-2019|1512.5|121
19-07-2019|1475|118
20-07-2019|2212.5|177
21-07-2019|1862.5|149
22-07-2019|1975|158
23-07-2019|1787.5|143
24-07-2019|1737.5|139
25-07-2019|1875|150
26-07-2019|2075|166
27-07-2019|1900|152
28-07-2019|2187.5|175
29-07-2019|2100|168
30-07-2019|1775|142
31-07-2019|2137.5|171
01-08-2019|1775|142
02-08-2019|2112.5|169
03-08-2019|2162.5|173
04-08-2019|2087.5|167
05-08-2019|1787.5|143
06-08-2019|2012.5|161
07-08-2019|1912.5|153
08-08-2019|1775|142
09-08-2019|1837.5|147
10-08-2019|1887.5|151
11-08-2019|1912.5|153
12-08-2019|1662.5|133
13-08-2019|1962.5|157
14-08-2019|1900|152
15-08-2019|1962.5|157
16-08-2019|1837.5|147
17-08-2019|1600|128
18-08-2019|1575|126
19-08-2019|2037.5|163
20-08-2019|1912.5|153
21-08-2019|1700|136
22-08-2019|1762.5|141
23-08-2019|1912.5|153
24-08-2019|2000|160
25-08-2019|1937.5|155
26-08-2019|1712.5|137
27-08-2019|1687.5|135
28-08-2019|1887.5|151
29-08-2019|2062.5|165
30-08-2019|2000|160
31-08-2019|2075|166
01-09-2019|1787.5|143
02-09-2019|1862.5|149
03-09-2019|2050|164
04-09-2019|1700|136
05-09-2019|2062.5|165
06-09-2019|1975|158
07-09-2019|1875|150
08-09-2019|2212.5|177
09-09-2019|1825|146
10-09-2019|2275|182
11-09-2019|2300|184
12-09-2019|1975|158
13-09-2019|1875|150
14-09-2019|1937.5|155
15-09-2019|1837.5|147
16-09-2019|2037.5|163
17-09-2019|1850|148
18-09-2019|2175|174
19-09-2019|1850|148
20-09-2019|1887.5|151
21-09-2019|2075|166
22-09-2019|2075|166
23-09-2019|1425|114
24-09-2019|1962.5|157
25-09-2019|1950|156
26-09-2019|2137.5|171
27-09-2019|1650|132
28-09-2019|1987.5|159
29-09-2019|1700|136
30-09-2019|1625|130
01-10-2019|1787.5|143
02-10-2019|1850|148
03-10-2019|1837.5|147
04-10-2019|1837.5|147
05-10-2019|1975|158
06-10-2019|1862.5|149
07-10-2019|1937.5|155
08-10-2019|2025|162
09-10-2019|1725|138
10-10-2019|2025|162
11-10-2019|1950|156
12-10-2019|1662.5|133
13-10-2019|1775|142
14-10-2019|1687.5|135
15-10-2019|1912.5|153
16-10-2019|1787.5|143
17-10-2019|1875|150
18-10-2019|2000|160
19-10-2019|1775|142
20-10-2019|1825|146
21-10-2019|1987.5|159
22-10-2019|2112.5|169
23-10-2019|2100|168
24-10-2019|1662.5|133
25-10-2019|1725|138
26-10-2019|1750|140
27-10-2019|1437.5|115
28-10-2019|1675|134
29-10-2019|1662.5|133
30-10-2019|1675|134
31-10-2019|1650|132
01-11-2019|1625|130
02-11-2019|1675|134
03-11-2019|1725|138
04-11-2019|1650|132
05-11-2019|1800|144
06-11-2019|1650|132
07-11-2019|1687.5|135
08-11-2019|1600|128
09-11-2019|1800|144
10-11-2019|2075|166
11-11-2019|1887.5|151
12-11-2019|1687.5|135
13-11-2019|1687.5|135
14-11-2019|2112.5|169
15-11-2019|1975|158
16-11-2019|1850|148
17-11-2019|1925|154
18-11-2019|1750|140
19-11-2019|1837.5|147
20-11-2019|1775|142
21-11-2019|1712.5|137
22-11-2019|1650|132
23-11-2019|2162.5|173
24-11-2019|1637.5|131
25-11-2019|1562.5|125
26-11-2019|1525|122
27-11-2019|1737.5|139
28-11-2019|2037.5|163
29-11-2019|1700|136
30-11-2019|1575|126
01-12-2019|1737.5|139
02-12-2019|1812.5|145
03-12-2019|1975|158
04-12-2019|2087.5|167
05-12-2019|1812.5|145
06-12-2019|1812.5|145
07-12-2019|1937.5|155
08-12-2019|1850|148
09-12-2019|1850|148
10-12-2019|1850|148
11-12-2019|1650|132
12-12-2019|1662.5|133
13-12-2019|1900|152
14-12-2019|1887.5|151
15-12-2019|1550|124
16-12-2019|1962.5|157
17-12-2019|1762.5|141
18-12-2019|1675|134
19-12-2019|1962.5|157
20-12-2019|1950|156
21-12-2019|2200|176
22-12-2019|2112.5|169
23-12-2019|1787.5|143
24-12-2019|1562.5|125
25-12-2019|1600|128
26-12-2019|2087.5|167
27-12-2019|1812.5|145
28-12-2019|1862.5|149
29-12-2019|1937.5|155
30-12-2019|2075|166
31-12-2019|1812.5|145
01-01-2020|2175|174
02-01-2020|1762.5|141
03-01-2020|2112.5|169
04-01-2020|2100|168
05-01-2020|2037.5|163
06-01-2020|1687.5|135
07-01-2020|2200|176
08-01-2020|1775|142
09-01-2020|1962.5|157
10-01-2020|1862.5|149
11-01-2020|2037.5|163
12-01-2020|1887.5|151
13-01-2020|1787.5|143
14-01-2020|1812.5|145
15-01-2020|1887.5|151
16-01-2020|1987.5|159
17-01-2020|1987.5|159
18-01-2020|1650|132
19-01-2020|1875|150
20-01-2020|1900|152
21-01-2020|1912.5|153
22-01-2020|1950|156
23-01-2020|1987.5|159
24-01-2020|1900|152
25-01-2020|2050|164
26-01-2020|1787.5|143
27-01-2020|1612.5|129
28-01-2020|1775|142
29-01-2020|2000|160
30-01-2020|1950|156
31-01-2020|1800|144
01-02-2020|1887.5|151
02-02-2020|1787.5|143
03-02-2020|1850|148
04-02-2020|1650|132
05-02-2020|1987.5|159
06-02-2020|1687.5|135
07-02-2020|1737.5|139
08-02-2020|1737.5|139
09-02-2020|1912.5|153
10-02-2020|1525|122
11-02-2020|1850|148
12-02-2020|1775|142
13-02-2020|1762.5|141
14-02-2020|1687.5|135
15-02-2020|1775|142
16-02-2020|1775|142
17-02-2020|1962.5|157
18-02-2020|1875|150
19-02-2020|1762.5|141
20-02-2020|1575|126
21-02-2020|1925|154
22-02-2020|1850|148
23-02-2020|1775|142
24-02-2020|1762.5|141
25-02-2020|1800|144
26-02-2020|1700|136
27-02-2020|1837.5|147
28-02-2020|1975|158
29-02-2020|1737.5|139
01-03-2020|2212.5|177
02-03-2020|1862.5|149
03-03-2020|1912.5|153
04-03-2020|2087.5|167
05-03-2020|2037.5|163
06-03-2020|1937.5|155
07-03-2020|1962.5|157
08-03-2020|1975|158
09-03-2020|1875|150
10-03-2020|1650|132
11-03-2020|1487.5|119
12-03-2020|1887.5|151
13-03-2020|1562.5|125
14-03-2020|1600|128
15-03-2020|1487.5|119
16-03-2020|1487.5|119
17-03-2020|1537.5|123
18-03-2020|1250|100
19-03-2020|1337.5|107
20-03-2020|1362.5|109
21-03-2020|1550|124
22-03-2020|1587.5|127
23-03-2020|1400|112
24-03-2020|1650|132
25-03-2020|1150|92
26-03-2020|2000|160
27-03-2020|1937.5|155
28-03-2020|1687.5|135
29-03-2020|1887.5|151
30-03-2020|1837.5|147
31-03-2020|1987.5|159
01-04-2020|1912.5|153
02-04-2020|1912.5|153
03-04-2020|1650|132
04-04-2020|1962.5|157
05-04-2020|2187.5|175
06-04-2020|1600|128
07-04-2020|2100|168
08-04-2020|1800|144
09-04-2020|1925|154
10-04-2020|2037.5|163
11-04-2020|1987.5|159
12-04-2020|1912.5|153
13-04-2020|2137.5|171
14-04-2020|2100|168
15-04-2020|2112.5|169
16-04-2020|1925|154
17-04-2020|1587.5|127
18-04-2020|1975|158
19-04-2020|1900|152
20-04-2020|2012.5|161
21-04-2020|1862.5|149
22-04-2020|1637.5|131
23-04-2020|1775|142
24-04-2020|1800|144
25-04-2020|1700|136
26-04-2020|1712.5|137
27-04-2020|1762.5|141
28-04-2020|1925|154
29-04-2020|1812.5|145
30-04-2020|1687.5|135
01-05-2020|1762.5|141
02-05-2020|1850|148
03-05-2020|2100|168
04-05-2020|1975|158
05-05-2020|1975|158
06-05-2020|1925|154
07-05-2020|1837.5|147
08-05-2020|1712.5|137
09-05-2020|1700|136
10-05-2020|2125|170
11-05-2020|1781.25|157
12-05-2020|912.5|146
13-05-2020|743.75|119
14-05-2020|712.5|114
15-05-2020|781.25|125
16-05-2020|787.5|126
17-05-2020|637.5|102
18-05-2020|800|128
19-05-2020|718.75|115
20-05-2020|718.75|115
21-05-2020|818.75|131
22-05-2020|693.75|111
23-05-2020|743.75|119
24-05-2020|725|116
25-05-2020|781.25|125
26-05-2020|775|124
27-05-2020|862.5|138
28-05-2020|818.75|131
29-05-2020|793.75|127
30-05-2020|975|156
31-05-2020|937.5|150
01-06-2020|837.5|134
02-06-2020|806.25|129
03-06-2020|868.75|139
04-06-2020|943.75|151
05-06-2020|1118.75|179
06-06-2020|1225|196
07-06-2020|993.75|159
08-06-2020|1012.5|162
09-06-2020|1000|160
10-06-2020|1025|164
11-06-2020|1156.25|185
12-06-2020|1018.75|163
13-06-2020|987.5|158
14-06-2020|1062.5|170
15-06-2020|862.5|138
16-06-2020|937.5|150
17-06-2020|862.5|138
18-06-2020|768.75|123
19-06-2020|893.75|143
20-06-2020|856.25|137
21-06-2020|912.5|146
22-06-2020|893.75|143
23-06-2020|987.5|158
24-06-2020|868.75|139
25-06-2020|881.25|141
26-06-2020|1025|164
27-06-2020|862.5|138
28-06-2020|937.5|150
29-06-2020|906.25|145
30-06-2020|918.75|147
01-07-2020|1012.5|162
02-07-2020|1025|164
03-07-2020|1018.75|163
04-07-2020|981.25|157
05-07-2020|1018.75|163
06-07-2020|962.5|154
07-07-2020|1006.25|161
08-07-2020|943.75|151
09-07-2020|1025|164
10-07-2020|1006.25|161
11-07-2020|975|156
12-07-2020|950|152
13-07-2020|918.75|147
14-07-2020|900|144
15-07-2020|862.5|138
16-07-2020|850|136
17-07-2020|737.5|118
18-07-2020|812.5|130
19-07-2020|818.75|131
20-07-2020|881.25|141
21-07-2020|781.25|125
22-07-2020|900|144
23-07-2020|850|136
24-07-2020|1006.25|161
25-07-2020|887.5|142
26-07-2020|987.5|158
27-07-2020|931.25|149
28-07-2020|906.25|145
29-07-2020|925|148
30-07-2020|843.75|135
31-07-2020|956.25|153
01-08-2020|856.25|137
02-08-2020|881.25|141
03-08-2020|1012.5|162
04-08-2020|906.25|145
05-08-2020|806.25|129
06-08-2020|975|156
07-08-2020|950|152
08-08-2020|887.5|142
09-08-2020|975|156
10-08-2020|856.25|137
11-08-2020|962.5|154
12-08-2020|981.25|157
13-08-2020|918.75|147
14-08-2020|1043.75|167
15-08-2020|975|156
16-08-2020|950|152
17-08-2020|781.25|125
18-08-2020|875|140
19-08-2020|862.5|138
20-08-2020|912.5|146
21-08-2020|968.75|155
22-08-2020|850|136
23-08-2020|981.25|157
24-08-2020|931.25|149
25-08-2020|800|128
26-08-2020|887.5|142
27-08-2020|806.25|129
28-08-2020|1018.75|163
29-08-2020|912.5|146
30-08-2020|793.75|127
31-08-2020|937.5|150
01-09-2020|962.5|154
02-09-2020|900|144
03-09-2020|806.25|129
04-09-2020|843.75|135
05-09-2020|881.25|141
06-09-2020|937.5|150
07-09-2020|1093.75|175
08-09-2020|968.75|155
09-09-2020|931.25|149
10-09-2020|987.5|158
11-09-2020|862.5|138
12-09-2020|1062.5|170
13-09-2020|1012.5|162
14-09-2020|1100|176
15-09-2020|975|156
16-09-2020|968.75|155
17-09-2020|1112.5|178
18-09-2020|1031.25|165
19-09-2020|931.25|149
20-09-2020|887.5|142
21-09-2020|906.25|145
22-09-2020|806.25|129
23-09-2020|887.5|142
24-09-2020|856.25|137
25-09-2020|1056.25|169
26-09-2020|937.5|150
27-09-2020|950|152
28-09-2020|806.25|129
29-09-2020|881.25|141
30-09-2020|975|156
01-10-2020|775|124
02-10-2020|850|136
03-10-2020|943.75|151
04-10-2020|987.5|158
05-10-2020|875|140
06-10-2020|812.5|130
07-10-2020|943.75|151
08-10-2020|1012.5|162
09-10-2020|887.5|142
10-10-2020|893.75|143
11-10-2020|875|140
12-10-2020|931.25|149
13-10-2020|1037.5|166
14-10-2020|931.25|149
15-10-2020|943.75|151
16-10-2020|968.75|155
17-10-2020|981.25|157
18-10-2020|750|120
19-10-2020|781.25|125
20-10-2020|900|144
21-10-2020|812.5|130
22-10-2020|856.25|137
23-10-2020|818.75|131
24-10-2020|950|152
25-10-2020|731.25|117
26-10-2020|687.5|110
27-10-2020|618.75|99
28-10-2020|625|100
29-10-2020|675|108
30-10-2020|693.75|111
31-10-2020|706.25|113
01-11-2020|781.25|125
02-11-2020|593.75|95
03-11-2020|875|140
04-11-2020|993.75|159
05-11-2020|918.75|147
06-11-2020|956.25|153
07-11-2020|912.5|146
08-11-2020|862.5|138
09-11-2020|1156.25|185
10-11-2020|918.75|147
11-11-2020|918.75|147
12-11-2020|1000|160
13-11-2020|868.75|139
14-11-2020|887.5|142
15-11-2020|937.5|150
16-11-2020|1000|160
17-11-2020|981.25|157
18-11-2020|1056.25|169
19-11-2020|856.25|137
20-11-2020|1050|168
21-11-2020|1056.25|169
22-11-2020|1087.5|174
23-11-2020|918.75|147
24-11-2020|850|136
25-11-2020|968.75|155
26-11-2020|937.5|150
27-11-2020|962.5|154
28-11-2020|962.5|154
29-11-2020|937.5|150
30-11-2020|706.25|113
01-12-2020|950|152
02-12-2020|818.75|131
03-12-2020|981.25|157
04-12-2020|900|144
05-12-2020|900|144
06-12-2020|850|136
07-12-2020|937.5|150
08-12-2020|900|144
09-12-2020|868.75|139
10-12-2020|812.5|130
11-12-2020|862.5|138
12-12-2020|825|132
13-12-2020|975|156
14-12-2020|906.25|145
15-12-2020|875|140
16-12-2020|893.75|143
17-12-2020|806.25|129
18-12-2020|981.25|157
19-12-2020|987.5|158
20-12-2020|943.75|151
21-12-2020|850|136
22-12-2020|893.75|143
23-12-2020|962.5|154
24-12-2020|787.5|126
25-12-2020|900|144
26-12-2020|856.25|137
27-12-2020|925|148
28-12-2020|1000|160
29-12-2020|950|152
30-12-2020|1075|172
31-12-2020|1037.5|166
01-01-2021|931.25|149
02-01-2021|943.75|151
03-01-2021|987.5|158
04-01-2021|1081.25|173
05-01-2021|981.25|157
06-01-2021|1106.25|177
07-01-2021|1050|168
08-01-2021|925|148
09-01-2021|868.75|139
10-01-2021|993.75|159
11-01-2021|962.5|154
12-01-2021|925|148
13-01-2021|950|152
14-01-2021|918.75|147
15-01-2021|968.75|155
16-01-2021|918.75|147
17-01-2021|831.25|133
18-01-2021|906.25|145
19-01-2021|931.25|149
20-01-2021|881.25|141
21-01-2021|806.25|129
22-01-2021|881.25|141
23-01-2021|975|156
24-01-2021|868.75|139
25-01-2021|875|140
26-01-2021|1006.25|161
27-01-2021|887.5|142
28-01-2021|906.25|145
29-01-2021|950|152
30-01-2021|850|136
31-01-2021|900|144
01-02-2021|743.75|119
02-02-2021|956.25|153
03-02-2021|937.5|150
04-02-2021|1000|160
05-02-2021|1056.25|169
06-02-2021|993.75|159
07-02-2021|975|156
08-02-2021|1012.5|162
09-02-2021|893.75|143
10-02-2021|893.75|143
11-02-2021|806.25|129
12-02-2021|887.5|142
13-02-2021|981.25|157
14-02-2021|925|148
15-02-2021|950|152
16-02-2021|756.25|121
17-02-2021|862.5|138
18-02-2021|856.25|137
19-02-2021|956.25|153
20-02-2021|912.5|146
21-02-2021|881.25|141
22-02-2021|831.25|133
23-02-2021|793.75|127
24-02-2021|993.75|159
25-02-2021|975|156
26-02-2021|868.75|139
27-02-2021|981.25|157
28-02-2021|818.75|131
01-03-2021|812.5|130
02-03-2021|893.75|143
03-03-2021|950|152
04-03-2021|800|128
05-03-2021|931.25|149
06-03-2021|950|152
07-03-2021|912.5|146
08-03-2021|968.75|155
09-03-2021|875|140
10-03-2021|931.25|149
11-03-2021|825|132
12-03-2021|937.5|150
13-03-2021|893.75|143
14-03-2021|981.25|157
15-03-2021|925|148
16-03-2021|931.25|149
17-03-2021|850|136
18-03-2021|950|152
19-03-2021|925|148
20-03-2021|962.5|154
21-03-2021|975|156
22-03-2021|943.75|151
23-03-2021|1006.25|161
24-03-2021|950|152
